{"frameRate":30,"name":"bonus","version":"5.5","compatibleVersion":"5.5","armature":[{"type":"Armature","frameRate":30,"name":"bonus","aabb":{"x":-183.6,"y":-68.68,"width":383.18,"height":129.2},"bone":[{"name":"root"},{"length":345.1,"name":"bone","parent":"root"},{"name":"tx","parent":"root"},{"name":"bone2","parent":"bone","transform":{"x":-133.8376,"y":-6.9598}},{"name":"bone4","parent":"bone","transform":{"x":22.715400000000002,"y":14.803600000000001}},{"name":"bone5","parent":"bone","transform":{"x":96.781,"y":19.716600000000003}},{"name":"bone3","parent":"bone","transform":{"x":-54.15520000000001,"y":17.2618}},{"name":"bone6","parent":"bone","transform":{"x":159.25940000000003,"y":12.345400000000001}},{"name":"tx1","parent":"tx"},{"name":"tx2","parent":"tx"},{"name":"tx3","parent":"tx"},{"name":"tx4","parent":"tx"}],"slot":[{"name":"baidi","parent":"bone"},{"name":"B","parent":"bone2"},{"name":"o","parent":"bone3"},{"name":"n","parent":"bone4"},{"name":"u","parent":"bone5"},{"name":"s","parent":"bone6"},{"displayIndex":-1,"name":"tx/01","parent":"tx1"},{"displayIndex":-1,"name":"tx/02","parent":"tx2"},{"displayIndex":-1,"name":"tx/2","parent":"tx3"},{"displayIndex":-1,"name":"tx/3","parent":"tx4"}],"skin":[{"slot":[{"name":"tx/02","display":[{"name":"tx/02"},{"name":"tx/03"},{"name":"tx/04"},{"name":"tx/05"},{"name":"tx/06"},{"name":"tx/07"},{"name":"tx/08"},{"name":"tx/09"},{"name":"tx/10"}]},{"name":"u","display":[{"name":"u","transform":{"x":1.82,"y":3.4}}]},{"name":"B","display":[{"name":"B","transform":{"x":3.28,"y":2.2}}]},{"name":"s","display":[{"name":"s","transform":{"x":1.56,"y":1.59}}]},{"name":"o","display":[{"name":"o","transform":{"x":5.71,"y":3.14}}]},{"name":"tx/2","display":[{"name":"tx/02"},{"name":"tx/03"},{"name":"tx/04"},{"name":"tx/05"},{"name":"tx/06"},{"name":"tx/07"},{"name":"tx/08"},{"name":"tx/09"},{"name":"tx/10"}]},{"name":"n","display":[{"name":"n","transform":{"x":3.97,"y":4.58}}]},{"name":"baidi","display":[{"name":"baidi","transform":{"x":13.94,"y":1.87,"scX":2,"scY":2}}]},{"name":"tx/3","display":[{"name":"tx/02"},{"name":"tx/03"},{"name":"tx/04"},{"name":"tx/05"},{"name":"tx/06"},{"name":"tx/07"},{"name":"tx/08"},{"name":"tx/09"},{"name":"tx/10"}]},{"name":"tx/01","display":[{"name":"tx/01"}]}]}],"animation":[{"duration":38,"name":"stand","bone":[{"name":"bone2","translateFrame":[{"duration":4,"x":-300.22,"y":-3.37},{"duration":3,"tweenEasing":0,"x":-300.22,"y":-3.37},{"duration":3,"tweenEasing":0,"x":-153.38,"y":-204.89},{"duration":3,"tweenEasing":0,"x":-51.99,"y":-115.77},{"duration":2,"tweenEasing":0,"y":32.64},{"duration":23}]},{"name":"bone3","translateFrame":[{"duration":6,"x":-383.77,"y":-117.94},{"duration":2,"tweenEasing":0,"x":-383.77,"y":-117.94},{"tweenEasing":0,"x":-275.81,"y":-261.86},{"duration":4,"tweenEasing":0,"x":-175.94,"y":-260.08},{"duration":3,"tweenEasing":0,"x":-65.59,"y":-159.5},{"duration":2,"tweenEasing":0,"y":18.93},{"duration":20}]},{"name":"bone4","translateFrame":[{"duration":7,"x":-488.79,"y":-102.55},{"duration":3,"tweenEasing":0,"x":-488.79,"y":-102.55},{"duration":2,"tweenEasing":0,"x":-337.66,"y":-250.17},{"duration":3,"tweenEasing":0,"x":-223.44,"y":-284.6},{"duration":3,"tweenEasing":0,"x":-106.05,"y":-205.13},{"tweenEasing":0,"x":-21.46,"y":-57.76},{"duration":2,"tweenEasing":0,"y":14.26},{"duration":17}]},{"name":"bone5","translateFrame":[{"duration":10,"x":-554.27,"y":-51.85},{"duration":2,"tweenEasing":0,"x":-554.27,"y":-51.85},{"duration":3,"tweenEasing":0,"x":-440.91,"y":-176.39},{"duration":3,"tweenEasing":0,"x":-293.28,"y":-283.66},{"duration":4,"tweenEasing":0,"x":-101.02,"y":-183.2},{"duration":2,"tweenEasing":0,"y":19.79},{"duration":14}]},{"name":"bone6","translateFrame":[{"duration":11,"x":-606.99,"y":34.08},{"duration":2,"tweenEasing":0,"x":-606.99,"y":34.08},{"duration":2,"tweenEasing":0,"x":-488.35,"y":-151.48},{"duration":2,"tweenEasing":0,"x":-415.3,"y":-249.54},{"duration":2,"tweenEasing":0,"x":-334.36,"y":-286.41},{"duration":2,"tweenEasing":0,"x":-204.48,"y":-251.02},{"duration":3,"tweenEasing":0,"x":-106.18,"y":-180.09},{"tweenEasing":0,"x":-12.73,"y":-50.16},{"duration":2,"tweenEasing":0,"y":12.89},{"duration":11}]},{"name":"tx1","scaleFrame":[{"duration":22,"tweenEasing":0},{"duration":3,"tweenEasing":0,"y":3.91},{"duration":5,"tweenEasing":0,"x":3.81,"y":3.91},{"duration":8,"tweenEasing":0,"x":4.07,"y":3.91},{"duration":0,"x":3.91,"y":3.76}]},{"name":"tx2","translateFrame":[{"duration":24,"tweenEasing":0},{"duration":14,"x":-171.23,"y":-52.12}],"scaleFrame":[{"duration":24,"tweenEasing":0},{"duration":14,"x":2.8,"y":2.8}]},{"name":"tx3","translateFrame":[{"duration":27,"tweenEasing":0},{"duration":11,"x":-6.45,"y":-12.27}],"rotateFrame":[{"duration":27,"tweenEasing":0},{"duration":11,"rotate":2.92}],"scaleFrame":[{"duration":27,"tweenEasing":0},{"duration":11,"x":5.22,"y":2.77}]},{"name":"tx4","translateFrame":[{"duration":29,"tweenEasing":0},{"duration":9,"x":163.02,"y":-14.03}],"rotateFrame":[{"duration":29,"tweenEasing":0},{"duration":9,"rotate":-12.26}],"scaleFrame":[{"duration":29,"tweenEasing":0},{"duration":9,"x":3.66,"y":3.66}]}],"slot":[{"name":"B","colorFrame":[{"duration":4,"tweenEasing":0,"value":{"aM":0}},{"duration":3,"tweenEasing":0,"value":{"aM":0}},{"duration":31}]},{"name":"baidi","colorFrame":[{"duration":10,"tweenEasing":0,"value":{"aM":0}},{"duration":10,"tweenEasing":0,"value":{"aM":0}},{"duration":18}]},{"name":"n","colorFrame":[{"duration":6,"tweenEasing":0,"value":{"aM":0}},{"tweenEasing":0,"value":{"aM":0}},{"duration":31}]},{"name":"o","colorFrame":[{"duration":6,"tweenEasing":0,"value":{"aM":0}},{"duration":3,"tweenEasing":0,"value":{"aM":0}},{"duration":29}]},{"name":"s","colorFrame":[{"duration":11,"tweenEasing":0,"value":{"aM":0}},{"duration":3,"tweenEasing":0,"value":{"aM":0}},{"duration":24}]},{"name":"tx/01","displayFrame":[{"duration":22,"value":-1},{"duration":16},{"duration":0,"value":-1}],"colorFrame":[{"duration":25,"tweenEasing":0},{"duration":5,"tweenEasing":0},{"duration":8,"value":{"aM":0}}]},{"name":"tx/02","displayFrame":[{"duration":24,"value":-1},{},{"value":1},{"value":2},{"value":3},{"value":4},{"value":5},{"value":6},{"value":7},{"value":8},{"duration":5,"value":-1}]},{"name":"tx/2","displayFrame":[{"duration":27,"value":-1},{},{"value":1},{"value":2},{"value":3},{"value":4},{"value":5},{"value":6},{"value":7},{"value":8},{"duration":2,"value":-1}]},{"name":"tx/3","displayFrame":[{"duration":29,"value":-1},{},{"value":1},{"value":2},{"value":3},{"value":4},{"value":5},{"value":6},{"value":7},{"value":8},{"duration":0,"value":-1}]},{"name":"u","colorFrame":[{"duration":10,"tweenEasing":0,"value":{"aM":0}},{"duration":3,"tweenEasing":0,"value":{"aM":0}},{"duration":25}]}]}],"defaultActions":[{"gotoAndPlay":"stand"}]}]}