{"width":4096,"imagePath":"bossdabaozha_tex.png","height":2048,"name":"bossdabaozha","SubTexture":[{"frameY":-88,"y":1,"frameWidth":258,"frameHeight":435,"width":241,"height":289,"name":"2/2_02","frameX":-17,"x":2314},{"width":258,"y":1,"height":435,"name":"2/2_18","x":1},{"width":258,"y":875,"height":435,"name":"2/2_14","x":781},{"width":258,"y":1,"height":435,"name":"2/2_13","x":781},{"width":258,"y":875,"height":435,"name":"2/2_09","x":261},{"frameY":0,"y":1272,"frameWidth":258,"frameHeight":435,"width":258,"height":418,"name":"2/2_06","frameX":0,"x":1301},{"width":258,"y":875,"height":435,"name":"2/2_07","x":521},{"width":258,"y":438,"height":435,"name":"2/2_10","x":1},{"frameY":-12,"y":386,"frameWidth":258,"frameHeight":435,"width":258,"height":347,"name":"2/2_03","frameX":0,"x":2063},{"frameY":-136,"y":1677,"frameWidth":258,"frameHeight":435,"width":130,"height":157,"name":"2/2_00","frameX":-68,"x":1561},{"width":258,"y":1,"height":435,"name":"2/2_08","x":521},{"frameY":-88,"y":1,"frameWidth":258,"frameHeight":435,"width":203,"height":255,"name":"2/2_01","frameX":-24,"x":2081},{"width":258,"y":1,"height":435,"name":"2/2_11","x":261},{"width":258,"y":1312,"height":435,"name":"2/2_16","x":261},{"frameY":-12,"y":796,"frameWidth":258,"frameHeight":435,"width":258,"height":357,"name":"2/2_04","frameX":0,"x":2054},{"frameY":-4,"y":1,"frameWidth":258,"frameHeight":435,"width":258,"height":398,"name":"2/2_05","frameX":0,"x":1561},{"width":258,"y":875,"height":435,"name":"2/2_15","x":1},{"width":258,"y":438,"height":435,"name":"2/2_12","x":521},{"width":258,"y":438,"height":435,"name":"2/2_17","x":781},{"frameY":0,"y":1266,"frameWidth":258,"frameHeight":435,"width":258,"height":409,"name":"1/1_05","frameX":0,"x":1561},{"frameY":0,"y":435,"frameWidth":258,"frameHeight":435,"width":258,"height":430,"name":"1/1_08","frameX":0,"x":1041},{"width":258,"y":1312,"height":435,"name":"1/1_09","x":521},{"frameY":0,"y":867,"frameWidth":258,"frameHeight":435,"width":258,"height":429,"name":"1/1_07","frameX":0,"x":1041},{"width":258,"y":438,"height":435,"name":"1/1_11","x":261},{"frameY":-11,"y":1,"frameWidth":258,"frameHeight":435,"width":258,"height":425,"name":"1/1_15","frameX":0,"x":1301},{"frameY":-20,"y":401,"frameWidth":258,"frameHeight":435,"width":258,"height":393,"name":"1/1_01","frameX":0,"x":1803},{"frameY":-15,"y":850,"frameWidth":258,"frameHeight":435,"width":257,"height":420,"name":"1/1_16","frameX":0,"x":1301},{"frameY":0,"y":428,"frameWidth":258,"frameHeight":435,"width":258,"height":420,"name":"1/1_02","frameX":0,"x":1301},{"frameY":-7,"y":796,"frameWidth":258,"frameHeight":435,"width":232,"height":428,"name":"1/1_18","frameX":0,"x":1820},{"width":258,"y":1312,"height":435,"name":"1/1_10","x":1},{"frameY":-7,"y":1298,"frameWidth":258,"frameHeight":435,"width":258,"height":428,"name":"1/1_14","frameX":0,"x":1041},{"frameY":-152,"y":258,"frameWidth":258,"frameHeight":435,"width":119,"height":110,"name":"1/1_00","frameX":-80,"x":2081},{"frameY":-9,"y":401,"frameWidth":258,"frameHeight":435,"width":240,"height":426,"name":"1/1_17","frameX":0,"x":1561},{"frameY":0,"y":850,"frameWidth":258,"frameHeight":435,"width":258,"height":414,"name":"1/1_06","frameX":0,"x":1560},{"frameY":-29,"y":1226,"frameWidth":258,"frameHeight":435,"width":258,"height":374,"name":"1/1_03","frameX":0,"x":1821},{"frameY":-1,"y":1312,"frameWidth":258,"frameHeight":435,"width":258,"height":434,"name":"1/1_12","frameX":0,"x":781},{"frameY":-42,"y":1,"frameWidth":258,"frameHeight":435,"width":258,"height":383,"name":"1/1_04","frameX":0,"x":1821},{"frameY":-3,"y":1,"frameWidth":258,"frameHeight":435,"width":258,"height":432,"name":"1/1_13","frameX":0,"x":1041}]}