{"frameRate":30,"name":"bossxiaobaozha","version":"5.5","compatibleVersion":"5.5","armature":[{"type":"Armature","frameRate":30,"name":"bossxiaobaozha","aabb":{"x":-91.8,"y":-69.36,"width":187.34,"height":130.56},"bone":[{"name":"root"},{"name":"bone","parent":"root"},{"name":"bone2","parent":"root"}],"slot":[{"name":"2/2_00","parent":"bone2"},{"blendMode":"add","displayIndex":4,"name":"1/1_00","parent":"bone"}],"skin":[{"slot":[{"name":"1/1_00","display":[{"name":"1/1_00","transform":{"x":3.74,"y":-8.16}},{"name":"1/1_01","transform":{"x":3.74,"y":-8.16}},{"name":"1/1_02","transform":{"x":3.74,"y":-8.16}},{"name":"1/1_03","transform":{"x":3.74,"y":-8.16}},{"name":"1/1_04","transform":{"x":3.74,"y":-8.16}}]},{"name":"2/2_00","display":[{"name":"2/2_00"},{"name":"2/2_01"},{"name":"2/2_02"},{"name":"2/2_03"},{"name":"2/2_04"},{"name":"2/2_05"},{"name":"2/2_06"},{"name":"2/2_07"},{"name":"2/2_08"},{"name":"2/2_09"},{"name":"2/2_10"}]}]}],"animation":[{"duration":11,"name":"stand","bone":[{"name":"bone2","translateFrame":[{"duration":11,"x":-3.39,"y":-10.16}]},{"name":"bone","translateFrame":[{"duration":11,"x":2.42,"y":-1.93}]}],"slot":[{"name":"1/1_00","displayFrame":[{},{"value":1},{"value":2},{"value":3},{"value":4},{"duration":6,"value":-1}]},{"name":"2/2_00","displayFrame":[{},{"value":1},{"value":2},{"value":3},{"value":4},{"value":5},{"value":6},{"value":7},{"value":8},{"value":9},{"value":10},{"duration":0,"value":-1}]}]}],"defaultActions":[{"gotoAndPlay":"stand"}]}]}