{"mc":{
	"flame1":{
		"frameRate":10,
		"events":[
			
			],
		"frames":[
			
			{
			"res":"CEA149FC",
			"x":-72,
			"y":-75
			},
			{
			"res":"C3917EAA",
			"x":-71,
			"y":-60
			},
			{
			"res":"1CB59CBB",
			"x":-68,
			"y":-69
			},
			{
			"res":"129E3E15",
			"x":-64,
			"y":-71
			},
			{
			"res":"A7394C49",
			"x":-65,
			"y":-64
			},
			{
			"res":"BE842F3B",
			"x":-63,
			"y":-65
			},
			{
			"res":"F6E62AC4",
			"x":-63,
			"y":-65
			},
			{
			"res":"797F1BD0",
			"x":-65,
			"y":-60
			},
			{
			"res":"49763D90",
			"x":-65,
			"y":-67
			},
			{
			"res":"1092D51B",
			"x":-66,
			"y":-68
			},
			{
			"res":"E2B631D1",
			"x":-69,
			"y":-73
			},
			{
			"res":"DA31B7FF",
			"x":-71,
			"y":-82
			},
			{
			"res":"931DC9A3",
			"x":-74,
			"y":-78
			},
			{
			"res":"899997A0",
			"x":-78,
			"y":-82
			},
			{
			"res":"4938397E",
			"x":-80,
			"y":-85
			},
			{
			"res":"2AC5F883",
			"x":-67,
			"y":-76
			},
			{
			"res":"C6C43228",
			"x":-63,
			"y":-82
			},
			{
			"res":"AFA0955B",
			"x":-66,
			"y":-85
			}
			]
},"flame2":{
		"frameRate":10,
		"events":[
			
			],
		"frames":[
			
			{
			"res":"3DD63D43",
			"x":-57,
			"y":-61
			},
			{
			"res":"F61B6401",
			"x":-57,
			"y":-61
			},
			{
			"res":"A7E95910",
			"x":-66,
			"y":-70
			},
			{
			"res":"C81C1EE1",
			"x":-84,
			"y":-71
			},
			{
			"res":"2409346C",
			"x":-80,
			"y":-65
			},
			{
			"res":"189EB088",
			"x":-63,
			"y":-65
			},
			{
			"res":"55324893",
			"x":-62,
			"y":-65
			},
			{
			"res":"BE9AF597",
			"x":-66,
			"y":-64
			},
			{
			"res":"A267C916",
			"x":-66,
			"y":-68
			},
			{
			"res":"1B62B824",
			"x":-67,
			"y":-72
			},
			{
			"res":"ECB12AD0",
			"x":-64,
			"y":-78
			},
			{
			"res":"770FB334",
			"x":-70,
			"y":-84
			},
			{
			"res":"B6E4A7CC",
			"x":-76,
			"y":-85
			},
			{
			"res":"183B9DEF",
			"x":-78,
			"y":-85
			},
			{
			"res":"89010B5B",
			"x":-76,
			"y":-85
			},
			{
			"res":"6F1C0448",
			"x":-75,
			"y":-71
			},
			{
			"res":"87F5A060",
			"x":-61,
			"y":-76
			}
			]
},"flame3":{
		"frameRate":10,
		"events":[
			
			],
		"frames":[
			
			{
			"res":"B464472D",
			"x":-69,
			"y":-58
			},
			{
			"res":"C46FBA28",
			"x":-68,
			"y":-58
			},
			{
			"res":"EDFC76CB",
			"x":-66,
			"y":-77
			},
			{
			"res":"8DBF8762",
			"x":-62,
			"y":-79
			},
			{
			"res":"17BC9D9E",
			"x":-63,
			"y":-73
			},
			{
			"res":"88E64FB0",
			"x":-62,
			"y":-64
			},
			{
			"res":"27E23ABD",
			"x":-61,
			"y":-64
			},
			{
			"res":"F582B248",
			"x":-63,
			"y":-59
			},
			{
			"res":"82EFA594",
			"x":-65,
			"y":-66
			},
			{
			"res":"D6F344BB",
			"x":-65,
			"y":-70
			},
			{
			"res":"528299BE",
			"x":-64,
			"y":-76
			},
			{
			"res":"D3A579AC",
			"x":-67,
			"y":-82
			},
			{
			"res":"75C4DC3A",
			"x":-75,
			"y":-85
			},
			{
			"res":"E3F66CB9",
			"x":-77,
			"y":-83
			},
			{
			"res":"6E899634",
			"x":-74,
			"y":-84
			},
			{
			"res":"30ED9112",
			"x":-72,
			"y":-69
			},
			{
			"res":"B163DD72",
			"x":-59,
			"y":-73
			},
			{
			"res":"3721EDEE",
			"x":-52,
			"y":-68
			}
			]
},"flame4":{
		"frameRate":10,
		"events":[
			
			],
		"frames":[
			
			{
			"res":"ED5F0A3A",
			"x":-55,
			"y":-59
			},
			{
			"res":"C7829234",
			"x":-55,
			"y":-59
			},
			{
			"res":"738E94C7",
			"x":-61,
			"y":-68
			},
			{
			"res":"C12490FF",
			"x":-62,
			"y":-70
			},
			{
			"res":"B85BCBF3",
			"x":-64,
			"y":-64
			},
			{
			"res":"FBE329B7",
			"x":-62,
			"y":-64
			},
			{
			"res":"BF540323",
			"x":-62,
			"y":-64
			},
			{
			"res":"79BD598",
			"x":-65,
			"y":-59
			},
			{
			"res":"752AA36D",
			"x":-66,
			"y":-67
			},
			{
			"res":"9E93AA85",
			"x":-66,
			"y":-68
			},
			{
			"res":"795B6D18",
			"x":-68,
			"y":-73
			},
			{
			"res":"AB4A3327",
			"x":-71,
			"y":-81
			},
			{
			"res":"9DBEFB54",
			"x":-74,
			"y":-78
			},
			{
			"res":"C8959272",
			"x":-77,
			"y":-82
			},
			{
			"res":"154538CC",
			"x":-79,
			"y":-85
			},
			{
			"res":"A45F1D24",
			"x":-66,
			"y":-76
			},
			{
			"res":"2E363E77",
			"x":-63,
			"y":-82
			},
			{
			"res":"98950F38",
			"x":-66,
			"y":-85
			}
			]
}},
	"res":{
		"55324893":{"x":294,"y":1254,"w":142,"h":145},
		"931DC9A3":{"x":0,"y":321,"w":154,"h":159},
		"88E64FB0":{"x":597,"y":1115,"w":142,"h":145},
		"CEA149FC":{"x":886,"y":959,"w":136,"h":138},
		"899997A0":{"x":643,"y":0,"w":158,"h":163},
		"2E363E77":{"x":911,"y":924,"w":65,"h":16},
		"B464472D":{"x":886,"y":1099,"w":134,"h":120},
		"738E94C7":{"x":0,"y":1119,"w":141,"h":149},
		"154538CC":{"x":162,"y":0,"w":159,"h":166},
		"4938397E":{"x":0,"y":0,"w":160,"h":166},
		"189EB088":{"x":741,"y":1107,"w":143,"h":145},
		"D6F344BB":{"x":594,"y":815,"w":145,"h":151},
		"2AC5F883":{"x":149,"y":493,"w":147,"h":157},
		"C3917EAA":{"x":585,"y":1262,"w":135,"h":110},
		"C6C43228":{"x":449,"y":784,"w":65,"h":16},
		"17BC9D9E":{"x":449,"y":813,"w":143,"h":154},
		"2409346C":{"x":458,"y":485,"w":160,"h":145},
		"9E93AA85":{"x":466,"y":334,"w":146,"h":149},
		"1CB59CBB":{"x":613,"y":663,"w":148,"h":150},
		"C7829234":{"x":911,"y":813,"w":109,"h":109},
		"30ED9112":{"x":458,"y":632,"w":153,"h":150},
		"6E899634":{"x":801,"y":167,"w":155,"h":165},
		"752AA36D":{"x":146,"y":1109,"w":146,"h":147},
		"AFA0955B":{"x":516,"y":784,"w":65,"h":12},
		"C81C1EE1":{"x":0,"y":168,"w":164,"h":151},
		"BE9AF597":{"x":763,"y":813,"w":146,"h":144},
		"ED5F0A3A":{"x":888,"y":1335,"w":109,"h":109},
		"3721EDEE":{"x":936,"y":614,"w":59,"h":43},
		"A7E95910":{"x":449,"y":969,"w":146,"h":150},
		"A267C916":{"x":146,"y":959,"w":146,"h":148},
		"8DBF8762":{"x":792,"y":497,"w":142,"h":160},
		"79BD598":{"x":741,"y":1254,"w":145,"h":140},
		"82EFA594":{"x":294,"y":955,"w":145,"h":147},
		"129E3E15":{"x":298,"y":801,"w":144,"h":152},
		"E3F66CB9":{"x":483,"y":0,"w":158,"h":164},
		"9DBEFB54":{"x":166,"y":168,"w":154,"h":159},
		"A7394C49":{"x":294,"y":1104,"w":145,"h":145},
		"3DD63D43":{"x":888,"y":1221,"w":112,"h":112},
		"F61B6401":{"x":438,"y":1415,"w":112,"h":112},
		"EDFC76CB":{"x":309,"y":485,"w":147,"h":158},
		"F582B248":{"x":293,"y":1401,"w":143,"h":140},
		"75C4DC3A":{"x":483,"y":166,"w":155,"h":166},
		"BE842F3B":{"x":0,"y":1417,"w":143,"h":146},
		"1B62B824":{"x":792,"y":659,"w":147,"h":152},
		"A45F1D24":{"x":0,"y":647,"w":146,"h":157},
		"FBE329B7":{"x":597,"y":968,"w":142,"h":145},
		"770FB334":{"x":640,"y":497,"w":150,"h":164},
		"BF540323":{"x":441,"y":1121,"w":142,"h":145},
		"ECB12AD0":{"x":0,"y":806,"w":144,"h":158},
		"98950F38":{"x":911,"y":942,"w":65,"h":12},
		"AB4A3327":{"x":156,"y":329,"w":151,"h":162},
		"F6E62AC4":{"x":741,"y":959,"w":143,"h":146},
		"B6E4A7CC":{"x":803,"y":0,"w":156,"h":165},
		"C46FBA28":{"x":585,"y":1374,"w":132,"h":109},
		"D3A579AC":{"x":0,"y":482,"w":147,"h":163},
		"B85BCBF3":{"x":0,"y":1270,"w":144,"h":145},
		"797F1BD0":{"x":146,"y":1408,"w":145,"h":141},
		"1092D51B":{"x":146,"y":808,"w":146,"h":149},
		"183B9DEF":{"x":323,"y":0,"w":158,"h":165},
		"49763D90":{"x":146,"y":1258,"w":145,"h":148},
		"6F1C0448":{"x":309,"y":332,"w":155,"h":151},
		"89010B5B":{"x":643,"y":165,"w":156,"h":165},
		"B163DD72":{"x":939,"y":554,"w":72,"h":58},
		"DA31B7FF":{"x":640,"y":332,"w":151,"h":163},
		"27E23ABD":{"x":438,"y":1268,"w":141,"h":145},
		"E2B631D1":{"x":298,"y":645,"w":149,"h":154},
		"795B6D18":{"x":148,"y":652,"w":148,"h":154},
		"C12490FF":{"x":0,"y":966,"w":142,"h":151},
		"C8959272":{"x":323,"y":167,"w":157,"h":163},
		"528299BE":{"x":793,"y":334,"w":144,"h":156},
		"87F5A060":{"x":936,"y":492,"w":73,"h":60}
	}}