{"width":1024,"SubTexture":[{"frameX":-1,"frameHeight":166,"y":331,"frameY":-8,"frameWidth":152,"width":150,"height":157,"name":"10","x":1},{"frameX":-3,"frameHeight":166,"y":153,"frameY":-11,"frameWidth":152,"width":146,"height":152,"name":"01","x":457},{"frameX":-1,"frameHeight":166,"y":325,"frameY":-13,"frameWidth":152,"width":149,"height":151,"name":"11","x":600},{"frameX":-3,"frameHeight":166,"y":325,"frameY":-6,"frameWidth":152,"width":146,"height":157,"name":"02","x":304},{"frameX":-2,"frameHeight":166,"y":1,"frameY":-14,"frameWidth":152,"width":148,"height":150,"name":"12","x":457},{"frameX":-2,"frameHeight":166,"y":153,"frameY":-14,"frameWidth":152,"width":148,"height":149,"name":"03","x":605},{"frameX":-2,"frameHeight":166,"y":325,"frameY":-11,"frameWidth":152,"width":148,"height":152,"name":"13","x":751},{"frameX":-2,"frameHeight":166,"y":156,"frameY":-14,"frameWidth":152,"width":148,"height":150,"name":"04","x":307},{"frameX":-3,"frameHeight":166,"y":325,"frameY":-7,"frameWidth":152,"width":146,"height":156,"name":"14","x":452},{"frameX":-1,"frameHeight":166,"y":325,"frameY":-10,"frameWidth":152,"width":149,"height":154,"name":"05","x":153},{"frameX":-3,"frameHeight":166,"y":1,"frameY":-3,"frameWidth":152,"width":146,"height":160,"name":"15","x":155},{"frameX":-1,"frameHeight":166,"y":169,"frameY":-5,"frameWidth":152,"width":150,"height":160,"name":"06","x":1},{"width":152,"y":1,"height":166,"name":"07","x":1},{"frameX":0,"frameHeight":166,"y":169,"frameY":-12,"frameWidth":152,"width":152,"height":154,"name":"08","x":153},{"frameX":0,"frameHeight":166,"y":1,"frameY":-13,"frameWidth":152,"width":152,"height":153,"name":"09","x":303},{"frameX":-3,"frameHeight":166,"y":153,"frameY":-15,"frameWidth":152,"width":146,"height":147,"name":"00","x":755}],"height":512,"name":"effSuperPotion","imagePath":"effSuperPotion_tex.png"}