{"mc":{
	"default":{
		"frameRate":21,
		"events":[
			
			],
		"frames":[
			
			{
			"res":"997660C5",
			"x":-55,
			"y":-63
			},
			{
			"res":"F41A10A4",
			"x":-86,
			"y":-63
			},
			{
			"res":"56F6571",
			"x":-87,
			"y":-98
			},
			{
			"res":"586F24DA",
			"x":-97,
			"y":-130
			},
			{
			"res":"74D54BF9",
			"x":-115,
			"y":-137
			},
			{
			"res":"6B1F7D9F",
			"x":-106,
			"y":-121
			},
			{
			"res":"3F774E71",
			"x":-113,
			"y":-111
			},
			{
			"res":"1D52D9F5",
			"x":-117,
			"y":-112
			},
			{
			"res":"2583C4F3",
			"x":-119,
			"y":-117
			},
			{
			"res":"5B63987A",
			"x":-126,
			"y":-119
			},
			{
			"res":"A5013FFB",
			"x":-131,
			"y":-121
			},
			{
			"res":"D8C9D19",
			"x":-136,
			"y":-119
			},
			{
			"res":"7E39524F",
			"x":-138,
			"y":-95
			},
			{
			"res":"E276B47A",
			"x":-139,
			"y":-115
			},
			{
			"res":"622F3F2B",
			"x":-135,
			"y":-111
			},
			{
			"res":"756873B0",
			"x":-133,
			"y":-109
			},
			{
			"res":"38D0AA91",
			"x":-13,
			"y":-7
			}
			]
}},
	"res":{
		"56F6571":{"x":797,"y":225,"w":220,"h":191},
		"6B1F7D9F":{"x":265,"y":533,"w":257,"h":253},
		"D8C9D19":{"x":0,"y":271,"w":262,"h":266},
		"622F3F2B":{"x":767,"y":544,"w":237,"h":230},
		"756873B0":{"x":797,"y":0,"w":222,"h":223},
		"1D52D9F5":{"x":264,"y":0,"w":268,"h":262},
		"3F774E71":{"x":0,"y":539,"w":263,"h":261},
		"7E39524F":{"x":0,"y":802,"w":265,"h":227},
		"38D0AA91":{"x":654,"y":802,"w":38,"h":42},
		"2583C4F3":{"x":264,"y":264,"w":262,"h":267},
		"997660C5":{"x":534,"y":802,"w":118,"h":146},
		"586F24DA":{"x":524,"y":544,"w":241,"h":256},
		"E276B47A":{"x":267,"y":802,"w":265,"h":219},
		"5B63987A":{"x":0,"y":0,"w":262,"h":269},
		"F41A10A4":{"x":767,"y":776,"w":219,"h":155},
		"74D54BF9":{"x":534,"y":0,"w":261,"h":269},
		"A5013FFB":{"x":528,"y":271,"w":257,"h":271}
	}}