{"frameRate":30,"name":"effSuperPotion","version":"5.5","compatibleVersion":"5.5","armature":[{"type":"Armature","frameRate":30,"name":"effSuperPotion","aabb":{"x":-76,"y":-83,"width":152,"height":166},"bone":[{"name":"root"},{"name":"bone","parent":"root"}],"slot":[{"blendMode":"add","displayIndex":15,"name":"00","parent":"bone"}],"skin":[{"slot":[{"name":"00","display":[{"name":"00"},{"name":"01"},{"name":"02"},{"name":"03"},{"name":"04"},{"name":"05"},{"name":"06"},{"name":"07"},{"name":"08"},{"name":"09"},{"name":"10"},{"name":"11"},{"name":"12"},{"name":"13"},{"name":"14"},{"name":"15"}]}]}],"animation":[{"duration":32,"name":"stand","bone":[{"name":"bone","translateFrame":[{"duration":32,"y":-9.15}]}],"slot":[{"name":"00","displayFrame":[{"duration":2},{"duration":2,"value":1},{"duration":2,"value":2},{"duration":2,"value":3},{"duration":2,"value":4},{"duration":2,"value":5},{"duration":2,"value":6},{"duration":2,"value":7},{"duration":2,"value":8},{"duration":2,"value":9},{"duration":2,"value":10},{"duration":2,"value":11},{"duration":2,"value":12},{"duration":2,"value":13},{"duration":2,"value":14},{"duration":2,"value":15},{"duration":0}]}]}],"defaultActions":[{"gotoAndPlay":"stand"}]}]}