{"mc":{
	"default":{
		"frameRate":13,
		"events":[
			
			],
		"frames":[
			
			{
			"res":"AC9E57F7",
			"x":1,
			"y":1
			},
			{
			"res":"17265A43",
			"x":3,
			"y":20
			},
			{
			"res":"4A996D98",
			"x":41,
			"y":15
			},
			{
			"res":"E25024FD",
			"x":107,
			"y":1
			},
			{
			"res":"30397319",
			"x":84,
			"y":1
			},
			{
			"res":"8963290A",
			"x":93,
			"y":1
			},
			{
			"res":"19E1EF76",
			"x":84,
			"y":1
			},
			{
			"res":"D59CE1B9",
			"x":73,
			"y":1
			},
			{
			"res":"FC81B43",
			"x":63,
			"y":1
			},
			{
			"res":"F76A7921",
			"x":103,
			"y":1
			},
			{
			"res":"14073B6D",
			"x":144,
			"y":22
			},
			{
			"res":"AC9E57F7",
			"x":1,
			"y":1
			}
			]
}},
	"res":{
		"30397319":{"x":287,"y":0,"w":248,"h":283},
		"FC81B43":{"x":710,"y":272,"w":228,"h":179},
		"8963290A":{"x":0,"y":0,"w":285,"h":283},
		"14073B6D":{"x":413,"y":285,"w":86,"h":83},
		"17265A43":{"x":537,"y":0,"w":222,"h":264},
		"F76A7921":{"x":215,"y":453,"w":159,"h":142},
		"19E1EF76":{"x":215,"y":285,"w":196,"h":166},
		"E25024FD":{"x":537,"y":266,"w":171,"h":268},
		"D59CE1B9":{"x":0,"y":285,"w":213,"h":171},
		"4A996D98":{"x":761,"y":0,"w":213,"h":270},
		"AC9E57F7":{"x":976,"y":0,"w":5,"h":5}
	}}