{"width":2048,"imagePath":"shengji_tex.png","height":1024,"name":"shengji","SubTexture":[{"width":382,"y":1,"height":386,"name":"quan","x":1},{"width":184,"y":915,"height":101,"name":"ci5","x":678},{"width":198,"y":757,"height":66,"name":"ci4","x":1007},{"width":194,"y":500,"height":81,"name":"ci3","x":764},{"width":155,"y":761,"height":152,"name":"ci2","x":678},{"width":82,"y":389,"height":271,"name":"ci1","x":300},{"width":297,"y":389,"height":290,"name":"zuochibang3","x":1},{"width":93,"y":178,"height":162,"name":"zuochibang1","x":385},{"width":146,"y":761,"height":111,"name":"shenti","x":523},{"width":39,"y":178,"height":85,"name":"zuoshoubi","x":480},{"width":84,"y":389,"height":499,"name":"weiba","x":437},{"width":218,"y":1,"height":175,"name":"tou","x":437},{"width":341,"y":681,"height":159,"name":"mupai","x":1},{"width":54,"y":662,"height":50,"name":"zuozhuazi","x":344},{"width":131,"y":905,"height":82,"name":"shuzi","x":1021},{"width":109,"y":178,"height":337,"name":"zuochibang2","x":523},{"width":157,"y":670,"height":85,"name":"pai4","x":936},{"width":125,"y":825,"height":69,"name":"zi4","x":1311},{"width":434,"y":842,"height":120,"name":"pai1","x":1},{"width":239,"y":517,"height":120,"name":"zi3","x":523},{"width":102,"y":905,"height":102,"name":"biao3","x":1154},{"width":239,"y":890,"height":120,"name":"zi2","x":437},{"width":102,"y":753,"height":102,"name":"biao2","x":1207},{"width":239,"y":639,"height":120,"name":"zi1","x":523},{"width":102,"y":905,"height":102,"name":"biao1","x":1258},{"y":959,"frameWidth":170,"x":1500,"frameHeight":109,"width":125,"frameY":-37,"height":55,"name":"tx/3/tx_3_19","frameX":-23},{"y":396,"frameWidth":170,"x":634,"frameHeight":109,"width":170,"frameY":-1,"height":102,"name":"tx/3/tx_3_09","frameX":0},{"y":583,"frameWidth":170,"x":764,"frameHeight":109,"width":170,"frameY":-4,"height":89,"name":"tx/3/tx_3_10","frameX":0},{"y":845,"frameWidth":170,"x":864,"frameHeight":109,"width":155,"frameY":-9,"height":85,"name":"tx/3/tx_3_11","frameX":-9},{"y":959,"frameWidth":170,"x":1627,"frameHeight":109,"width":105,"frameY":-41,"height":49,"name":"tx/3/tx_3_01","frameX":-33},{"y":670,"frameWidth":170,"x":1095,"frameHeight":109,"width":156,"frameY":-13,"height":81,"name":"tx/3/tx_3_12","frameX":-8},{"y":964,"frameWidth":170,"x":139,"frameHeight":109,"width":130,"frameY":-37,"height":56,"name":"tx/3/tx_3_02","frameX":-21},{"y":932,"frameWidth":170,"x":864,"frameHeight":109,"width":155,"frameY":-14,"height":80,"name":"tx/3/tx_3_13","frameX":-9},{"y":583,"frameWidth":170,"x":936,"frameHeight":109,"width":163,"frameY":-22,"height":85,"name":"tx/3/tx_3_03","frameX":-5},{"y":825,"frameWidth":170,"x":1021,"frameHeight":109,"width":152,"frameY":-16,"height":78,"name":"tx/3/tx_3_14","frameX":-10},{"y":674,"frameWidth":170,"x":764,"frameHeight":109,"width":170,"frameY":-22,"height":84,"name":"tx/3/tx_3_04","frameX":0},{"y":896,"frameWidth":170,"x":1362,"frameHeight":109,"width":137,"frameY":-33,"height":61,"name":"tx/3/tx_3_15","frameX":-18},{"y":760,"frameWidth":170,"x":835,"frameHeight":109,"width":170,"frameY":-23,"height":83,"name":"tx/3/tx_3_05","frameX":0},{"y":959,"frameWidth":170,"x":1362,"frameHeight":109,"width":136,"frameY":-34,"height":60,"name":"tx/3/tx_3_16","frameX":-18},{"y":1,"frameWidth":170,"x":657,"frameHeight":109,"width":170,"frameY":0,"height":106,"name":"tx/3/tx_3_06","frameX":0},{"y":964,"frameWidth":170,"x":1,"frameHeight":109,"width":136,"frameY":-35,"height":58,"name":"tx/3/tx_3_17","frameX":-18},{"width":170,"y":178,"height":109,"name":"tx/3/tx_3_07","x":634},{"y":964,"frameWidth":170,"x":271,"frameHeight":109,"width":125,"frameY":-36,"height":57,"name":"tx/3/tx_3_18","frameX":-23},{"y":289,"frameWidth":170,"x":634,"frameHeight":109,"width":170,"frameY":-1,"height":105,"name":"tx/3/tx_3_08","frameX":0}]}