{"frameRate":30,"name":"sishen","version":"5.5","compatibleVersion":"5.5","armature":[{"type":"Armature","frameRate":30,"name":"sishen","aabb":{"x":-70,"y":-70,"width":140,"height":140},"bone":[{"name":"root"},{"name":"bone","parent":"root"},{"name":"bone2","parent":"root"}],"slot":[{"blendMode":"add","name":"2/2_00","parent":"bone2"},{"name":"1/1_00","parent":"bone"}],"skin":[{"slot":[{"name":"1/1_00","display":[{"name":"1/1_00"},{"name":"1/1_01"},{"name":"1/1_02"},{"name":"1/1_03"},{"name":"1/1_04"},{"name":"1/1_05"}]},{"name":"2/2_00","display":[{"name":"2/2_00"},{"name":"2/2_01"},{"name":"2/2_02"},{"name":"2/2_03"},{"name":"2/2_04"},{"name":"2/2_05"},{"name":"2/2_06"}]}]}],"animation":[{"duration":14,"name":"stand","slot":[{"name":"1/1_00","displayFrame":[{"duration":2,"value":-1},{"duration":2},{"duration":2,"value":1},{"duration":2,"value":2},{"duration":2,"value":3},{"duration":2,"value":4},{"duration":2,"value":5},{"duration":0,"value":-1}]},{"name":"2/2_00","displayFrame":[{"duration":2},{"duration":2,"value":1},{"duration":2,"value":2},{"duration":2,"value":3},{"duration":2,"value":4},{"duration":2,"value":5},{"duration":2,"value":6},{"duration":0}]}]}],"defaultActions":[{"gotoAndPlay":"stand"}]}]}