{"width":512,"SubTexture":[{"width":312,"y":1,"height":62,"name":"baidi","x":1},{"width":106,"y":1,"height":128,"name":"B","x":315},{"width":86,"y":93,"height":76,"name":"o","x":423},{"width":93,"y":65,"height":82,"name":"n","x":1},{"width":75,"y":107,"height":72,"name":"u","x":96},{"width":78,"y":1,"height":90,"name":"s","x":423},{"width":183,"y":65,"height":40,"name":"tx/01","x":96},{"y":181,"frameY":-6,"frameWidth":68,"width":31,"frameX":-18,"frameHeight":44,"height":31,"name":"tx/10","x":66},{"y":65,"frameY":-6,"frameWidth":68,"width":31,"frameX":-18,"frameHeight":44,"height":32,"name":"tx/02","x":281},{"y":107,"frameY":-3,"frameWidth":68,"width":63,"frameX":-2,"frameHeight":44,"height":38,"name":"tx/07","x":235},{"y":149,"frameY":-1,"frameWidth":68,"width":63,"frameX":-2,"frameHeight":44,"height":41,"name":"tx/06","x":1},{"y":171,"frameY":-5,"frameWidth":68,"width":59,"frameX":-4,"frameHeight":44,"height":34,"name":"tx/09","x":173},{"y":131,"frameY":-4,"frameWidth":68,"width":61,"frameX":-3,"frameHeight":44,"height":36,"name":"tx/08","x":300},{"y":107,"frameY":-1,"frameWidth":68,"width":60,"frameX":-4,"frameHeight":44,"height":43,"name":"tx/05","x":173},{"y":131,"frameY":-4,"frameWidth":68,"width":39,"frameX":-14,"frameHeight":44,"height":36,"name":"tx/03","x":363},{"y":147,"frameY":-1,"frameWidth":68,"width":50,"frameX":-9,"frameHeight":44,"height":41,"name":"tx/04","x":235}],"height":256,"name":"bonus","imagePath":"bonus_tex.png"}