{"width":512,"imagePath":"bossxiaobaozha_tex.png","height":512,"name":"bossxiaobaozha","SubTexture":[{"frameY":-45,"y":372,"frameWidth":184,"frameHeight":122,"width":54,"height":52,"name":"2/2_00","frameX":-67,"x":393},{"frameY":-24,"y":206,"frameWidth":184,"frameHeight":122,"width":90,"height":89,"name":"2/2_02","frameX":-49,"x":409},{"frameY":-33,"y":316,"frameWidth":184,"frameHeight":122,"width":80,"height":74,"name":"2/2_01","frameX":-54,"x":311},{"frameY":-5,"y":90,"frameWidth":184,"frameHeight":122,"width":123,"height":114,"name":"2/2_04","frameX":-33,"x":337},{"frameY":-10,"y":206,"frameWidth":184,"frameHeight":122,"width":114,"height":108,"name":"2/2_07","frameX":-30,"x":293},{"frameY":-6,"y":100,"frameWidth":184,"frameHeight":122,"width":123,"height":112,"name":"2/2_05","frameX":-31,"x":168},{"frameY":-12,"y":297,"frameWidth":184,"frameHeight":122,"width":108,"height":106,"name":"2/2_08","frameX":-33,"x":113},{"frameY":-15,"y":326,"frameWidth":184,"frameHeight":122,"width":103,"height":100,"name":"2/2_09","frameX":-33,"x":1},{"frameY":-36,"y":316,"frameWidth":184,"frameHeight":122,"width":86,"height":77,"name":"2/2_10","frameX":-44,"x":223},{"frameY":-12,"y":214,"frameWidth":184,"frameHeight":122,"width":110,"height":110,"name":"2/2_03","frameX":-40,"x":1},{"frameY":-11,"y":105,"frameWidth":184,"frameHeight":122,"width":114,"height":107,"name":"2/2_06","frameX":-30,"x":1},{"frameY":-16,"y":1,"frameWidth":184,"frameHeight":122,"width":167,"height":97,"name":"1/1_03","frameX":-11,"x":168},{"frameY":-14,"y":1,"frameWidth":184,"frameHeight":122,"width":165,"height":102,"name":"1/1_04","frameX":-10,"x":1},{"frameY":-30,"y":297,"frameWidth":184,"frameHeight":122,"width":97,"height":73,"name":"1/1_00","frameX":-37,"x":409},{"frameY":-22,"y":1,"frameWidth":184,"frameHeight":122,"width":165,"height":87,"name":"1/1_02","frameX":-11,"x":337},{"frameY":-27,"y":214,"frameWidth":184,"frameHeight":122,"width":146,"height":81,"name":"1/1_01","frameX":-17,"x":113}]}