{"frameRate":30,"name":"bossdabaozha","version":"5.5","compatibleVersion":"5.5","armature":[{"type":"Armature","frameRate":30,"name":"bossdabaozha","aabb":{"x":-128.86,"y":-217.6,"width":257.72,"height":435.2},"bone":[{"name":"root"},{"name":"bone","parent":"root"},{"name":"bone2","parent":"root"}],"slot":[{"name":"2/2_00","parent":"bone2"},{"blendMode":"add","name":"1/1_00","parent":"bone"}],"skin":[{"slot":[{"name":"2/2_00","display":[{"name":"2/2_00"},{"name":"2/2_01"},{"name":"2/2_02"},{"name":"2/2_03"},{"name":"2/2_04"},{"name":"2/2_05"},{"name":"2/2_06"},{"name":"2/2_07"},{"name":"2/2_08"},{"name":"2/2_09"},{"name":"2/2_10"},{"name":"2/2_11"},{"name":"2/2_12"},{"name":"2/2_13"},{"name":"2/2_14"},{"name":"2/2_15"},{"name":"2/2_16"},{"name":"2/2_17"},{"name":"2/2_18"}]},{"name":"1/1_00","display":[{"name":"1/1_00"},{"name":"1/1_01"},{"name":"1/1_02"},{"name":"1/1_03"},{"name":"1/1_04"},{"name":"1/1_05"},{"name":"1/1_06"},{"name":"1/1_07"},{"name":"1/1_08"},{"name":"1/1_09"},{"name":"1/1_10"},{"name":"1/1_11"},{"name":"1/1_12"},{"name":"1/1_13"},{"name":"1/1_14"},{"name":"1/1_15"},{"name":"1/1_16"},{"name":"1/1_17"},{"name":"1/1_18"}]}]}],"animation":[{"duration":38,"name":"stand","bone":[{"name":"bone2","translateFrame":[{"duration":38,"x":-1.35}]}],"slot":[{"name":"1/1_00","displayFrame":[{"duration":2},{"duration":2,"value":1},{"duration":2,"value":2},{"duration":2,"value":3},{"duration":2,"value":4},{"duration":2,"value":5},{"duration":2,"value":6},{"duration":2,"value":7},{"duration":2,"value":8},{"duration":2,"value":9},{"duration":2,"value":10},{"duration":2,"value":11},{"duration":2,"value":12},{"duration":2,"value":13},{"duration":2,"value":14},{"duration":2,"value":15},{"duration":2,"value":16},{"duration":2,"value":17},{"duration":2,"value":18},{"duration":0,"value":-1}]},{"name":"2/2_00","displayFrame":[{"duration":2},{"duration":2,"value":1},{"duration":2,"value":2},{"duration":2,"value":3},{"duration":2,"value":4},{"duration":2,"value":5},{"duration":2,"value":6},{"duration":2,"value":7},{"duration":2,"value":8},{"duration":2,"value":9},{"duration":2,"value":10},{"duration":2,"value":11},{"duration":2,"value":12},{"duration":2,"value":13},{"duration":2,"value":14},{"duration":2,"value":15},{"duration":2,"value":16},{"duration":2,"value":17},{"duration":2,"value":18},{"duration":0,"value":-1}]}]}],"defaultActions":[{"gotoAndPlay":"stand"}]}]}