{"width":2048,"imagePath":"denglu_tex.png","height":2048,"name":"denglu","SubTexture":[{"width":65,"y":310,"height":61,"name":"ge bu lin","x":1851},{"width":81,"y":1076,"height":74,"name":"mu nai yi _shou_R","x":1684},{"width":84,"y":1187,"height":75,"name":"mu nai yi _shen ti","x":1645},{"width":120,"y":1228,"height":103,"name":"mu nai yi _tou","x":1452},{"width":92,"y":1996,"height":44,"name":"mu nai yi _xia ba","x":822},{"width":100,"y":1996,"height":41,"name":"mu nai yi _shou_L","x":720},{"width":265,"y":845,"height":418,"name":"xi xue gui_yan wu","x":665},{"width":34,"y":845,"height":52,"name":"xi xue gui_shang bi_L","x":1242},{"width":32,"y":310,"height":55,"name":"xi xue gui_xiao bi_L","x":1918},{"width":50,"y":256,"height":72,"name":"xi xue gui_shou_L","x":1995},{"width":18,"y":1252,"height":8,"name":"xi xue gui_shou zhi 2","x":1431},{"width":16,"y":1922,"height":18,"name":"xi xue gui_shou zhi 1","x":1159},{"width":40,"y":1236,"height":27,"name":"xi xue gui_xiao bi_R","x":1187},{"width":206,"y":1824,"height":170,"name":"xi xue gui_shen ti","x":720},{"width":44,"y":169,"height":85,"name":"xi xue gui_shang bi_R","x":1995},{"width":69,"y":1187,"height":92,"name":"xi xue gui_er duo _L","x":1574},{"width":13,"y":1767,"height":17,"name":"xi xue gui_ya chi_L","x":1416},{"width":142,"y":169,"height":139,"name":"xi xue gui_tou","x":1851},{"width":19,"y":1228,"height":22,"name":"xi xue gui_ya chi_R","x":1431},{"width":31,"y":1228,"height":21,"name":"xi xue gui_yan zhu 3","x":932},{"width":3,"y":1642,"height":12,"name":"xi xue gui_yan zhu 2","x":1263},{"width":11,"y":1786,"height":3,"name":"xi xue gui_yan zhu 1","x":1416},{"width":41,"y":1642,"height":12,"name":"xi xue gui_xia yan pi1","x":1220},{"width":39,"y":2017,"height":23,"name":"xi xue gui_shang yan pi 2","x":916},{"width":81,"y":2010,"height":27,"name":"xi xue gui_shang yan pi 1","x":1362},{"width":46,"y":1281,"height":43,"name":"xi xue gui_bi zi","x":1574},{"width":100,"y":1824,"height":191,"name":"xi xue gui_er duo_R","x":928},{"width":32,"y":330,"height":37,"name":"xi xue gui_tou fa","x":1994},{"width":513,"y":1,"height":370,"name":"chu shou_yan wu","x":1336},{"width":558,"y":1,"height":968,"name":"chu shou","x":1},{"width":49,"y":1620,"height":20,"name":"you ling_shou_L","x":1220},{"width":207,"y":1264,"height":128,"name":"you ling_shen yi","x":1243},{"width":66,"y":1767,"height":25,"name":"you ling_shou_R","x":1348},{"width":662,"y":971,"height":783,"name":"ku lou wang_yan wu 2","x":1},{"width":308,"y":845,"height":255,"name":"ku lou wang_pi feng","x":932},{"width":226,"y":1102,"height":124,"name":"ku lou wang_mao zi","x":932},{"width":153,"y":1955,"height":75,"name":"ku lou wang_xia he gu","x":1030},{"width":228,"y":1639,"height":183,"name":"ku lou wang_tou","x":720},{"width":89,"y":1333,"height":49,"name":"ku lou wang_gua shi","x":1452},{"width":62,"y":1264,"height":65,"name":"ku lou wang_tui_R","x":1645},{"width":126,"y":1075,"height":151,"name":"ku lou wang_pen gu","x":1431},{"width":51,"y":1807,"height":89,"name":"ku lou wang_tui_L","x":1159},{"width":111,"y":927,"height":147,"name":"ku lou wang_xiong qiang","x":1703},{"width":40,"y":310,"height":44,"name":"ku lou wang xia bi_R","x":1952},{"width":44,"y":1639,"height":113,"name":"ku lou wang_shou bi_R","x":665},{"width":93,"y":1333,"height":74,"name":"ku lou wang_shou_R","x":1561},{"width":47,"y":1211,"height":23,"name":"ku lou wang_shou zhi 6_R","x":1187},{"width":40,"y":2017,"height":19,"name":"ku lou wang_shou zhi 5_R","x":957},{"width":50,"y":1394,"height":24,"name":"ku lou wang_shou zhi 4_R","x":1243},{"width":45,"y":899,"height":24,"name":"ku lou wang_shou zhi 3_R","x":1242},{"width":51,"y":1898,"height":22,"name":"ku lou wang_shou zhi 2_R","x":1159},{"width":25,"y":1211,"height":45,"name":"ku lou wang_shou zhi 1_R","x":1160},{"width":46,"y":1945,"height":66,"name":"ku lou wang_xia bi_L","x":1446},{"width":53,"y":1873,"height":70,"name":"ku lou wang_shou_L","x":1446},{"width":184,"y":373,"height":332,"name":"ku lou wang_dao yan wu","x":1825},{"width":187,"y":927,"height":335,"name":"ku lou wang_dao_L","x":1242},{"width":23,"y":1620,"height":32,"name":"ku lou wang_shou zhi 2_L","x":1271},{"width":17,"y":1281,"height":35,"name":"ku lou wang_shou zhi 1_L","x":1622},{"width":88,"y":1409,"height":75,"name":"ku lou wang_shou bi_L","x":1561},{"width":576,"y":1265,"height":164,"name":"ku lou wang_yan wu 1","x":665},{"width":392,"y":373,"height":93,"name":"shu ye_R","x":1336},{"width":371,"y":1431,"height":97,"name":"shu ye_L","x":926},{"width":773,"y":1,"height":507,"name":"qiang","x":561},{"width":175,"y":1,"height":166,"name":"zhu guang_R","x":1851},{"width":259,"y":1431,"height":206,"name":"zhu guang_L","x":665},{"width":726,"y":510,"height":333,"name":"zhi zhu si","x":561},{"width":534,"y":510,"height":415,"name":"niu pi zhi","x":1289},{"width":717,"y":1756,"height":245,"name":"la zhu","x":1},{"y":1520,"frameWidth":95,"x":1431,"frameHeight":119,"width":82,"frameY":-12,"height":106,"name":"tx/huo1/huo1_07","frameX":-4},{"y":1767,"frameWidth":95,"x":1431,"frameHeight":119,"width":80,"frameY":-14,"height":104,"name":"tx/huo1/huo1_08","frameX":-6},{"y":1932,"frameWidth":95,"x":1276,"frameHeight":119,"width":84,"frameY":-10,"height":107,"name":"tx/huo1/huo1_09","frameX":-6},{"y":1628,"frameWidth":95,"x":1446,"frameHeight":119,"width":82,"frameY":-18,"height":99,"name":"tx/huo1/huo1_10","frameX":-9},{"y":1657,"frameWidth":95,"x":1362,"frameHeight":119,"width":81,"frameY":-10,"height":108,"name":"tx/huo1/huo1_11","frameX":-10},{"y":1794,"frameWidth":95,"x":1346,"frameHeight":119,"width":83,"frameY":-10,"height":108,"name":"tx/huo1/huo1_01","frameX":-5},{"y":373,"frameWidth":95,"x":1730,"frameHeight":119,"width":90,"frameY":-10,"height":108,"name":"tx/huo1/huo1_12","frameX":-5},{"y":1904,"frameWidth":95,"x":1362,"frameHeight":119,"width":82,"frameY":-14,"height":104,"name":"tx/huo1/huo1_02","frameX":-5},{"y":845,"frameWidth":95,"x":561,"frameHeight":119,"width":88,"frameY":-10,"height":108,"name":"tx/huo1/huo1_13","frameX":-5},{"y":1932,"frameWidth":95,"x":1185,"frameHeight":119,"width":89,"frameY":-12,"height":106,"name":"tx/huo1/huo1_03","frameX":-1},{"y":1530,"frameWidth":95,"x":1220,"frameHeight":119,"width":77,"frameY":-30,"height":88,"name":"tx/huo1/huo1_04","frameX":-10},{"y":1520,"frameWidth":95,"x":1515,"frameHeight":119,"width":80,"frameY":-16,"height":101,"name":"tx/huo1/huo1_05","frameX":-6},{"y":1102,"frameWidth":95,"x":1160,"frameHeight":119,"width":80,"frameY":-10,"height":107,"name":"tx/huo1/huo1_06","frameX":-9},{"y":1394,"frameWidth":136,"x":1429,"frameHeight":147,"width":130,"frameY":-22,"height":124,"name":"tx/huo2/huo2_10","frameX":-3},{"y":1794,"frameWidth":136,"x":1220,"frameHeight":147,"width":124,"frameY":-10,"height":136,"name":"tx/huo2/huo2_11","frameX":-9},{"y":1530,"frameWidth":136,"x":950,"frameHeight":147,"width":133,"frameY":-10,"height":137,"name":"tx/huo2/huo2_01","frameX":0},{"y":849,"frameWidth":136,"x":1825,"frameHeight":147,"width":132,"frameY":-5,"height":141,"name":"tx/huo2/huo2_12","frameX":-1},{"y":1530,"frameWidth":136,"x":1085,"frameHeight":147,"width":133,"frameY":-16,"height":130,"name":"tx/huo2/huo2_02","frameX":0},{"y":927,"frameWidth":136,"x":1431,"frameHeight":147,"width":135,"frameY":0,"height":146,"name":"tx/huo2/huo2_13","frameX":0},{"y":1394,"frameWidth":136,"x":1299,"frameHeight":147,"width":128,"frameY":-13,"height":133,"name":"tx/huo2/huo2_03","frameX":-5},{"y":1812,"frameWidth":136,"x":1030,"frameHeight":147,"width":127,"frameY":-5,"height":141,"name":"tx/huo2/huo2_14","frameX":-5},{"y":1075,"frameWidth":136,"x":1559,"frameHeight":147,"width":123,"frameY":-36,"height":110,"name":"tx/huo2/huo2_04","frameX":-10},{"y":1669,"frameWidth":136,"x":950,"frameHeight":147,"width":129,"frameY":-5,"height":141,"name":"tx/huo2/huo2_15","frameX":-3},{"y":1529,"frameWidth":136,"x":1299,"frameHeight":147,"width":130,"frameY":-19,"height":126,"name":"tx/huo2/huo2_05","frameX":-3},{"y":1669,"frameWidth":136,"x":1081,"frameHeight":147,"width":130,"frameY":-9,"height":136,"name":"tx/huo2/huo2_06","frameX":-3},{"y":927,"frameWidth":136,"x":1568,"frameHeight":147,"width":133,"frameY":-8,"height":137,"name":"tx/huo2/huo2_07","frameX":0},{"y":1662,"frameWidth":136,"x":1213,"frameHeight":147,"width":133,"frameY":-16,"height":130,"name":"tx/huo2/huo2_08","frameX":0},{"y":707,"frameWidth":136,"x":1825,"frameHeight":147,"width":133,"frameY":-5,"height":140,"name":"tx/huo2/huo2_09","frameX":0}]}