{"mc":{
	"default":{
		"frameRate":15,
		"events":[
			
			],
		"frames":[
			
			{
			"res":"6DDCE7A0",
			"x":-47,
			"y":-27
			},
			{
			"res":"5C9311AE",
			"x":-45,
			"y":-50
			},
			{
			"res":"C5AA0409",
			"x":-40,
			"y":-60
			},
			{
			"res":"52C9A996",
			"x":-44,
			"y":-60
			},
			{
			"res":"DC405021",
			"x":-46,
			"y":-60
			},
			{
			"res":"DF966D7E",
			"x":-49,
			"y":-60
			},
			{
			"res":"D2C9501A",
			"x":-56,
			"y":-60
			},
			{
			"res":"538DD1CE",
			"x":-64,
			"y":-52
			},
			{
			"res":"A69AF4C2",
			"x":-63,
			"y":-47
			},
			{
			"res":"DA42CA2D",
			"x":-33,
			"y":-48
			},
			{
			"res":"6B625497",
			"x":-39,
			"y":-46
			},
			{
			"res":"9CB74C36",
			"x":-42,
			"y":-51
			},
			{
			"res":"D15CB9EF",
			"x":-48,
			"y":-43
			},
			{
			"res":"156047D",
			"x":-49,
			"y":-50
			},
			{
			"res":"677404FF",
			"x":-55,
			"y":-57
			},
			{
			"res":"D72C38B4",
			"x":-55,
			"y":-60
			},
			{
			"res":"98114B8C",
			"x":-29,
			"y":-57
			},
			{
			"res":"82F23AFA",
			"x":-33,
			"y":-60
			},
			{
			"res":"67A0E1D",
			"x":-35,
			"y":-48
			},
			{
			"res":"EDC7F220",
			"x":-39,
			"y":-31
			}
			]
}},
	"res":{
		"C5AA0409":{"x":219,"y":222,"w":99,"h":102},
		"D2C9501A":{"x":223,"y":108,"w":90,"h":108},
		"DA42CA2D":{"x":315,"y":0,"w":84,"h":113},
		"DC405021":{"x":208,"y":328,"w":102,"h":104},
		"6B625497":{"x":407,"y":289,"w":78,"h":89},
		"677404FF":{"x":112,"y":116,"w":109,"h":104},
		"52C9A996":{"x":0,"y":344,"w":107,"h":104},
		"98114B8C":{"x":312,"y":326,"w":87,"h":115},
		"9CB74C36":{"x":320,"y":214,"w":85,"h":99},
		"156047D":{"x":114,"y":222,"w":103,"h":104},
		"67A0E1D":{"x":227,"y":0,"w":82,"h":103},
		"DF966D7E":{"x":109,"y":344,"w":97,"h":111},
		"538DD1CE":{"x":119,"y":0,"w":106,"h":106},
		"D72C38B4":{"x":0,"y":0,"w":117,"h":114},
		"6DDCE7A0":{"x":401,"y":0,"w":108,"h":90},
		"82F23AFA":{"x":413,"y":185,"w":77,"h":102},
		"D15CB9EF":{"x":315,"y":115,"w":96,"h":97},
		"A69AF4C2":{"x":0,"y":235,"w":112,"h":107},
		"EDC7F220":{"x":413,"y":92,"w":92,"h":91},
		"5C9311AE":{"x":0,"y":116,"w":110,"h":117}
	}}