{"mc":{
	"fly":{
		"frameRate":16,
		"events":[
			
			],
		"frames":[
			
			{
			"res":"EA30EA24",
			"x":-106,
			"y":-24
			},
			{
			"res":"A939AEAF",
			"x":-112,
			"y":-24
			},
			{
			"res":"567F1DC9",
			"x":-110,
			"y":-24
			},
			{
			"res":"7FA804C5",
			"x":-106,
			"y":-24
			},
			{
			"res":"E77DD972",
			"x":-108,
			"y":-24
			},
			{
			"res":"C984BEED",
			"x":-106,
			"y":-24
			}
			]
},"flame":{
		"frameRate":15,
		"events":[
			
			],
		"frames":[
			
			{
			"res":"92DC38B9",
			"x":-44,
			"y":-46
			},
			{
			"res":"B2EEF4EE",
			"x":-42,
			"y":-49
			},
			{
			"res":"3D87F4D4",
			"x":-43,
			"y":-51
			},
			{
			"res":"FD5E5311",
			"x":-42,
			"y":-45
			},
			{
			"res":"21C39504",
			"x":-50,
			"y":-48
			},
			{
			"res":"62115790",
			"x":-50,
			"y":-51
			},
			{
			"res":"F076E920",
			"x":-53,
			"y":-55
			},
			{
			"res":"AA8BDA47",
			"x":-55,
			"y":-56
			},
			{
			"res":"C8BD6726",
			"x":-57,
			"y":-58
			},
			{
			"res":"FA14BA36",
			"x":-57,
			"y":-60
			},
			{
			"res":"524017B6",
			"x":-58,
			"y":-58
			},
			{
			"res":"DD066420",
			"x":-58,
			"y":-47
			},
			{
			"res":"D9355A24",
			"x":-59,
			"y":-49
			},
			{
			"res":"4C4EBEB7",
			"x":-61,
			"y":-49
			}
			]
}},
	"res":{
		"62115790":{"x":0,"y":343,"w":101,"h":107},
		"C8BD6726":{"x":0,"y":0,"w":111,"h":115},
		"3D87F4D4":{"x":219,"y":0,"w":86,"h":98},
		"D9355A24":{"x":208,"y":107,"w":92,"h":94},
		"F076E920":{"x":106,"y":117,"w":100,"h":113},
		"AA8BDA47":{"x":0,"y":117,"w":104,"h":115},
		"EA30EA24":{"x":208,"y":321,"w":114,"h":44},
		"A939AEAF":{"x":103,"y":449,"w":120,"h":44},
		"21C39504":{"x":113,"y":0,"w":104,"h":105},
		"B2EEF4EE":{"x":388,"y":88,"w":79,"h":88},
		"4C4EBEB7":{"x":109,"y":232,"w":92,"h":98},
		"FD5E5311":{"x":302,"y":100,"w":84,"h":92},
		"92DC38B9":{"x":307,"y":0,"w":81,"h":86},
		"7FA804C5":{"x":345,"y":321,"w":114,"h":44},
		"E77DD972":{"x":390,"y":0,"w":116,"h":46},
		"C984BEED":{"x":388,"y":178,"w":114,"h":43},
		"DD066420":{"x":203,"y":232,"w":102,"h":87},
		"524017B6":{"x":103,"y":343,"w":103,"h":104},
		"567F1DC9":{"x":225,"y":449,"w":118,"h":44},
		"FA14BA36":{"x":0,"y":234,"w":107,"h":107}
	}}