{"mc":{
	"default":{
		"frameRate":27,
		"events":[
			
			],
		"frames":[
			
			{
			"res":"2E210B87",
			"x":-45,
			"y":-6
			},
			{
			"res":"D7C5059",
			"x":-46,
			"y":-10
			},
			{
			"res":"EE06D375",
			"x":-47,
			"y":-14
			},
			{
			"res":"1EA20F10",
			"x":-47,
			"y":-18
			},
			{
			"res":"E95E6695",
			"x":-48,
			"y":-22
			},
			{
			"res":"E643369B",
			"x":-47,
			"y":-24
			},
			{
			"res":"D65075C6",
			"x":-47,
			"y":-27
			},
			{
			"res":"AA0BBB38",
			"x":-47,
			"y":-30
			},
			{
			"res":"A63D2191",
			"x":-46,
			"y":-33
			},
			{
			"res":"952EB099",
			"x":-46,
			"y":-35
			},
			{
			"res":"C76EFAF9",
			"x":-45,
			"y":-38
			},
			{
			"res":"E2A34ADE",
			"x":-45,
			"y":-41
			},
			{
			"res":"6E31E4DD",
			"x":-26,
			"y":-29
			},
			{
			"res":"8EA42150",
			"x":-27,
			"y":-32
			},
			{
			"res":"A1EFFA20",
			"x":-26,
			"y":-33
			},
			{
			"res":"226BF28B",
			"x":-26,
			"y":-35
			},
			{
			"res":"8614AAB5",
			"x":-25,
			"y":-37
			},
			{
			"res":"72D84043",
			"x":-25,
			"y":-39
			},
			{
			"res":"3611FFE2",
			"x":-24,
			"y":-40
			},
			{
			"res":"97DA7868",
			"x":-24,
			"y":0
			},
			{
			"res":"2144DF1C",
			"x":-48,
			"y":-45
			}
			]
}},
	"res":{
		"2E210B87":{"x":184,"y":173,"w":88,"h":45},
		"8614AAB5":{"x":326,"y":157,"w":51,"h":57},
		"6E31E4DD":{"x":186,"y":67,"w":68,"h":61},
		"EE06D375":{"x":279,"y":65,"w":92,"h":45},
		"E95E6695":{"x":279,"y":0,"w":94,"h":63},
		"C76EFAF9":{"x":0,"y":154,"w":88,"h":74},
		"97DA7868":{"x":256,"y":67,"w":10,"h":9},
		"A63D2191":{"x":0,"y":78,"w":90,"h":74},
		"E643369B":{"x":184,"y":0,"w":93,"h":65},
		"3611FFE2":{"x":274,"y":173,"w":50,"h":54},
		"8EA42150":{"x":375,"y":0,"w":69,"h":61},
		"952EB099":{"x":90,"y":0,"w":90,"h":73},
		"226BF28B":{"x":446,"y":0,"w":52,"h":58},
		"2144DF1C":{"x":182,"y":67,"w":1,"h":1},
		"1EA20F10":{"x":375,"y":63,"w":93,"h":45},
		"AA0BBB38":{"x":90,"y":154,"w":92,"h":69},
		"D65075C6":{"x":92,"y":75,"w":92,"h":67},
		"D7C5059":{"x":373,"y":110,"w":90,"h":45},
		"E2A34ADE":{"x":0,"y":0,"w":88,"h":76},
		"A1EFFA20":{"x":256,"y":112,"w":68,"h":59},
		"72D84043":{"x":379,"y":157,"w":51,"h":56}
	}}