{"mc":{
	"default":{
		"frameRate":24,
		"events":[
			
			],
		"frames":[
			
			{
			"res":"C862294E",
			"x":-120,
			"y":-111
			},
			{
			"res":"FCB99E7A",
			"x":-117,
			"y":-109
			},
			{
			"res":"803723CD",
			"x":-110,
			"y":-98
			},
			{
			"res":"D655C024",
			"x":-100,
			"y":-89
			},
			{
			"res":"49C186B0",
			"x":-92,
			"y":-82
			},
			{
			"res":"CEBC5BA6",
			"x":-83,
			"y":-74
			},
			{
			"res":"77AE9169",
			"x":-75,
			"y":-67
			},
			{
			"res":"ACDD5DC3",
			"x":-68,
			"y":-60
			},
			{
			"res":"BADEE5BE",
			"x":-64,
			"y":-55
			},
			{
			"res":"507698F2",
			"x":-60,
			"y":-54
			},
			{
			"res":"EEA74F6F",
			"x":-78,
			"y":-86
			},
			{
			"res":"11E7E423",
			"x":-85,
			"y":-94
			},
			{
			"res":"9BC76D7F",
			"x":-102,
			"y":-97
			},
			{
			"res":"F7A5BBE6",
			"x":-93,
			"y":-95
			},
			{
			"res":"B3BE77CD",
			"x":-84,
			"y":-83
			},
			{
			"res":"4A831D24",
			"x":-55,
			"y":-73
			},
			{
			"res":"C361966",
			"x":-50,
			"y":-45
			},
			{
			"res":"1CCC6121",
			"x":-41,
			"y":-40,
			"duration":3
			}
			]
}},
	"res":{
		"1CCC6121":{"x":664,"y":390,"w":82,"h":82},
		"FCB99E7A":{"x":432,"y":0,"w":206,"h":208},
		"CEBC5BA6":{"x":0,"y":391,"w":150,"h":158},
		"77AE9169":{"x":408,"y":365,"w":136,"h":147},
		"F7A5BBE6":{"x":640,"y":0,"w":199,"h":194},
		"507698F2":{"x":546,"y":390,"w":116,"h":122},
		"BADEE5BE":{"x":278,"y":396,"w":116,"h":128},
		"B3BE77CD":{"x":837,"y":196,"w":183,"h":170},
		"11E7E423":{"x":217,"y":210,"w":189,"h":184},
		"EEA74F6F":{"x":837,"y":368,"w":163,"h":173},
		"C862294E":{"x":0,"y":0,"w":215,"h":217},
		"49C186B0":{"x":0,"y":219,"w":165,"h":170},
		"C361966":{"x":543,"y":210,"w":95,"h":99},
		"4A831D24":{"x":408,"y":210,"w":133,"h":153},
		"803723CD":{"x":640,"y":196,"w":195,"h":192},
		"ACDD5DC3":{"x":152,"y":396,"w":124,"h":136},
		"9BC76D7F":{"x":217,"y":0,"w":213,"h":208},
		"D655C024":{"x":841,"y":0,"w":179,"h":180}
	}}