{"mc":{
	"default":{
		"frameRate":18,
		"events":[
			
			],
		"frames":[
			
			{
			"res":"21B8D4DC",
			"x":-32,
			"y":-21
			},
			{
			"res":"F258A5C5",
			"x":-33,
			"y":-21
			},
			{
			"res":"9F99E2EA",
			"x":-34,
			"y":-21
			},
			{
			"res":"D37E330E",
			"x":-34,
			"y":-21
			},
			{
			"res":"9F99E2EA",
			"x":-34,
			"y":-21
			},
			{
			"res":"F258A5C5",
			"x":-33,
			"y":-21
			},
			{
			"res":"21B8D4DC",
			"x":-32,
			"y":-21
			}
			]
}},
	"res":{
		"9F99E2EA":{"x":0,"y":0,"w":64,"h":40},
		"21B8D4DC":{"x":0,"y":42,"w":62,"h":40},
		"D37E330E":{"x":66,"y":0,"w":64,"h":40},
		"F258A5C5":{"x":132,"y":0,"w":63,"h":40}
	}}