{"mc":{
	"default":{
		"frameRate":24,
		"events":[
			
			],
		"frames":[
			
			{
			"res":"B822082B",
			"x":-10,
			"y":-8
			},
			{
			"res":"1146577A",
			"x":-22,
			"y":-10
			},
			{
			"res":"E4891772",
			"x":-32,
			"y":-13
			},
			{
			"res":"FF488607",
			"x":-34,
			"y":9
			},
			{
			"res":"A089A118",
			"x":-34,
			"y":10
			},
			{
			"res":"FEC8FC1A",
			"x":-35,
			"y":9
			},
			{
			"res":"D7F7C059",
			"x":-36,
			"y":6
			},
			{
			"res":"C6D825A6",
			"x":-36,
			"y":2
			},
			{
			"res":"996FA0AD",
			"x":-37,
			"y":0
			},
			{
			"res":"8BCF881E",
			"x":-37,
			"y":-3
			},
			{
			"res":"36899F40",
			"x":-37,
			"y":-7
			},
			{
			"res":"E4D6173F",
			"x":-37,
			"y":-6
			},
			{
			"res":"E30B0B3A",
			"x":-37,
			"y":-8
			},
			{
			"res":"FDDC6A71",
			"x":-36,
			"y":-10
			},
			{
			"res":"BD3BA013",
			"x":-36,
			"y":-13
			},
			{
			"res":"47A3B482",
			"x":-30,
			"y":-15
			},
			{
			"res":"B822082B",
			"x":-10,
			"y":-8
			}
			]
}},
	"res":{
		"B822082B":{"x":206,"y":89,"w":34,"h":51},
		"36899F40":{"x":0,"y":117,"w":77,"h":49},
		"47A3B482":{"x":0,"y":168,"w":63,"h":59},
		"C6D825A6":{"x":157,"y":48,"w":75,"h":38},
		"FDDC6A71":{"x":0,"y":60,"w":75,"h":54},
		"A089A118":{"x":278,"y":187,"w":70,"h":31},
		"1146577A":{"x":158,"y":89,"w":45,"h":54},
		"D7F7C059":{"x":133,"y":150,"w":72,"h":35},
		"8BCF881E":{"x":155,"y":0,"w":77,"h":45},
		"E30B0B3A":{"x":76,"y":0,"w":77,"h":52},
		"E4891772":{"x":65,"y":168,"w":65,"h":56},
		"996FA0AD":{"x":80,"y":106,"w":76,"h":42},
		"FEC8FC1A":{"x":204,"y":187,"w":72,"h":31},
		"FF488607":{"x":133,"y":187,"w":69,"h":34},
		"BD3BA013":{"x":0,"y":0,"w":73,"h":57},
		"E4D6173F":{"x":78,"y":54,"w":77,"h":49}
	}}