{"mc":{
	"track":{
		"frameRate":60,
		"events":[
			
			],
		"frames":[
			
			{
			"res":"4CF08DD4",
			"x":-40,
			"y":-34
			},
			{
			"res":"ED24BD64",
			"x":-4,
			"y":-5
			},
			{
			"res":"866E6B88",
			"x":-2,
			"y":-6
			},
			{
			"res":"9D8C3081",
			"x":0,
			"y":-6
			},
			{
			"res":"490C7736",
			"x":1,
			"y":-6
			},
			{
			"res":"DD849B0C",
			"x":3,
			"y":-6
			},
			{
			"res":"C52BBA26",
			"x":3,
			"y":-6
			},
			{
			"res":"51FAC362",
			"x":1,
			"y":-6
			},
			{
			"res":"7F05D064",
			"x":0,
			"y":-6
			},
			{
			"res":"BC78F248",
			"x":-2,
			"y":-7
			},
			{
			"res":"DB469E27",
			"x":-4,
			"y":-7
			},
			{
			"res":"85029D9A",
			"x":-6,
			"y":-7
			},
			{
			"res":"7FA63593",
			"x":-6,
			"y":-7
			},
			{
			"res":"61C817D2",
			"x":-7,
			"y":-6
			},
			{
			"res":"87F4B8E7",
			"x":-7,
			"y":-6
			},
			{
			"res":"3FABDD17",
			"x":-7,
			"y":-7
			},
			{
			"res":"63A39750",
			"x":-7,
			"y":-7
			},
			{
			"res":"268FE043",
			"x":-12,
			"y":-7
			},
			{
			"res":"25BF150E",
			"x":-17,
			"y":-7
			},
			{
			"res":"2A7DE18",
			"x":-21,
			"y":-7
			},
			{
			"res":"ADF3D144",
			"x":-26,
			"y":-7
			},
			{
			"res":"C6ACF0B0",
			"x":-30,
			"y":-7
			},
			{
			"res":"67BEC767",
			"x":-35,
			"y":-7
			},
			{
			"res":"C16DEB08",
			"x":-40,
			"y":-7
			},
			{
			"res":"1C70FC01",
			"x":-40,
			"y":-6
			}
			]
},"spot":{
		"frameRate":18,
		"events":[
			
			],
		"frames":[
			
			{
			"res":"B26F0EDE",
			"x":-14,
			"y":-13
			},
			{
			"res":"F99CDB9C",
			"x":-15,
			"y":-15
			},
			{
			"res":"67792F2A",
			"x":-15,
			"y":-13
			},
			{
			"res":"8A7AF630",
			"x":-15,
			"y":-14
			},
			{
			"res":"D03B69EF",
			"x":-14,
			"y":-15
			},
			{
			"res":"FEA348C9",
			"x":-14,
			"y":-14
			}
			]
}},
	"res":{
		"67BEC767":{"x":129,"y":206,"w":125,"h":15},
		"2A7DE18":{"x":0,"y":69,"w":187,"h":15},
		"BC78F248":{"x":0,"y":206,"w":127,"h":15},
		"87F4B8E7":{"x":0,"y":35,"w":191,"h":15},
		"C6ACF0B0":{"x":0,"y":171,"w":155,"h":16},
		"9D8C3081":{"x":195,"y":101,"w":21,"h":13},
		"1C70FC01":{"x":154,"y":189,"w":91,"h":13},
		"DD849B0C":{"x":216,"y":168,"w":35,"h":12},
		"7F05D064":{"x":0,"y":223,"w":103,"h":13},
		"F99CDB9C":{"x":189,"y":69,"w":30,"h":30},
		"3FABDD17":{"x":0,"y":52,"w":191,"h":15},
		"268FE043":{"x":0,"y":86,"w":185,"h":15},
		"8A7AF630":{"x":221,"y":69,"w":31,"h":29},
		"C16DEB08":{"x":129,"y":223,"w":108,"h":15},
		"DB469E27":{"x":0,"y":189,"w":152,"h":15},
		"4CF08DD4":{"x":213,"y":116,"w":5,"h":5},
		"FEA348C9":{"x":195,"y":0,"w":27,"h":28},
		"B26F0EDE":{"x":193,"y":35,"w":29,"h":28},
		"C52BBA26":{"x":157,"y":168,"w":57,"h":12},
		"61C817D2":{"x":0,"y":103,"w":193,"h":14},
		"7FA63593":{"x":0,"y":18,"w":193,"h":15},
		"D03B69EF":{"x":183,"y":119,"w":28,"h":29},
		"51FAC362":{"x":157,"y":153,"w":80,"h":13},
		"ED24BD64":{"x":239,"y":145,"w":12,"h":12},
		"ADF3D144":{"x":0,"y":153,"w":155,"h":16},
		"866E6B88":{"x":105,"y":223,"w":17,"h":13},
		"490C7736":{"x":213,"y":130,"w":27,"h":13},
		"25BF150E":{"x":0,"y":0,"w":184,"h":16},
		"67792F2A":{"x":221,"y":100,"w":29,"h":28},
		"85029D9A":{"x":0,"y":136,"w":175,"h":15},
		"63A39750":{"x":0,"y":119,"w":181,"h":15}
	}}