{"mc":{
	"default":{
		"frameRate":24,
		"events":[
			
			],
		"frames":[
			
			{
			"res":"CA975E1C",
			"x":-53,
			"y":-48
			},
			{
			"res":"B693796",
			"x":-54,
			"y":-50
			},
			{
			"res":"1FFD2F12",
			"x":-56,
			"y":-52
			},
			{
			"res":"BC990A2B",
			"x":-58,
			"y":-54
			},
			{
			"res":"478A8FFA",
			"x":-60,
			"y":-56
			},
			{
			"res":"9C081B7D",
			"x":-62,
			"y":-58
			},
			{
			"res":"FAF0E431",
			"x":-61,
			"y":-57
			},
			{
			"res":"A436ACCD",
			"x":-59,
			"y":-55
			},
			{
			"res":"BF51B01E",
			"x":-57,
			"y":-53
			},
			{
			"res":"1E34D344",
			"x":-57,
			"y":-52
			},
			{
			"res":"55FA5E64",
			"x":-53,
			"y":-49
			},
			{
			"res":"CA975E1C",
			"x":-53,
			"y":-48
			}
			]
}},
	"res":{
		"A436ACCD":{"x":0,"y":367,"w":115,"h":117},
		"FAF0E431":{"x":0,"y":124,"w":118,"h":121},
		"478A8FFA":{"x":0,"y":247,"w":116,"h":118},
		"1E34D344":{"x":120,"y":124,"w":109,"h":110},
		"BC990A2B":{"x":117,"y":367,"w":112,"h":114},
		"9C081B7D":{"x":0,"y":0,"w":120,"h":122},
		"CA975E1C":{"x":338,"y":107,"w":102,"h":102},
		"BF51B01E":{"x":118,"y":247,"w":111,"h":113},
		"55FA5E64":{"x":338,"y":0,"w":103,"h":105},
		"1FFD2F12":{"x":122,"y":0,"w":108,"h":110},
		"B693796":{"x":232,"y":0,"w":104,"h":106}
	}}