{"mc":{
	"default":{
		"frameRate":24,
		"events":[
			
			],
		"frames":[
			
			{
			"res":"ABC1DA75",
			"x":-77,
			"y":-18
			},
			{
			"res":"7DF87FBF",
			"x":-78,
			"y":-19
			},
			{
			"res":"C3811E93",
			"x":-79,
			"y":-20
			},
			{
			"res":"3F5ED848",
			"x":-80,
			"y":-20
			},
			{
			"res":"4CF2735A",
			"x":-81,
			"y":-20
			},
			{
			"res":"23FCC3B9",
			"x":-82,
			"y":-20
			},
			{
			"res":"BDC20F60",
			"x":-83,
			"y":-21
			},
			{
			"res":"1C1FF460",
			"x":-83,
			"y":-22
			},
			{
			"res":"AB443E08",
			"x":-83,
			"y":-22
			},
			{
			"res":"A38BC38",
			"x":-83,
			"y":-22
			},
			{
			"res":"37C3875B",
			"x":-82,
			"y":-22
			},
			{
			"res":"7F136667",
			"x":-82,
			"y":-22
			},
			{
			"res":"B5BB6F59",
			"x":-81,
			"y":-22
			},
			{
			"res":"90F5DC55",
			"x":-81,
			"y":-21
			},
			{
			"res":"4D62D28",
			"x":-80,
			"y":-20
			},
			{
			"res":"9F18E950",
			"x":-79,
			"y":-20
			},
			{
			"res":"ABC1DA75",
			"x":-77,
			"y":-18
			}
			]
}},
	"res":{
		"23FCC3B9":{"x":332,"y":0,"w":162,"h":72},
		"C3811E93":{"x":322,"y":383,"w":156,"h":72},
		"ABC1DA75":{"x":326,"y":233,"w":153,"h":70},
		"90F5DC55":{"x":168,"y":0,"w":162,"h":74},
		"7DF87FBF":{"x":324,"y":308,"w":153,"h":71},
		"4CF2735A":{"x":0,"y":387,"w":160,"h":72},
		"1C1FF460":{"x":0,"y":233,"w":164,"h":75},
		"A38BC38":{"x":0,"y":0,"w":165,"h":75},
		"B5BB6F59":{"x":167,"y":155,"w":162,"h":75},
		"3F5ED848":{"x":162,"y":387,"w":157,"h":72},
		"7F136667":{"x":0,"y":155,"w":164,"h":75},
		"9F18E950":{"x":167,"y":308,"w":154,"h":72},
		"BDC20F60":{"x":168,"y":77,"w":163,"h":73},
		"AB443E08":{"x":0,"y":78,"w":165,"h":75},
		"37C3875B":{"x":0,"y":310,"w":164,"h":75},
		"4D62D28":{"x":167,"y":233,"w":157,"h":73}
	}}