{"mc":{
	"default":{
		"frameRate":11,
		"events":[
			
			],
		"frames":[
			
			{
			"res":"441B2393",
			"x":-61,
			"y":-56
			},
			{
			"res":"40BDFD1B",
			"x":-60,
			"y":-56
			},
			{
			"res":"1166942D",
			"x":-64,
			"y":-56
			},
			{
			"res":"30C333FF",
			"x":-68,
			"y":-56
			},
			{
			"res":"32173D90",
			"x":-64,
			"y":-56
			},
			{
			"res":"83B72B8B",
			"x":-60,
			"y":-57
			},
			{
			"res":"68079730",
			"x":-57,
			"y":-56
			},
			{
			"res":"8E5D0A27",
			"x":-59,
			"y":-56
			},
			{
			"res":"EF6B00A3",
			"x":-60,
			"y":-56
			},
			{
			"res":"40E27593",
			"x":-61,
			"y":-56
			},
			{
			"res":"F19A2CC",
			"x":-73,
			"y":-56
			},
			{
			"res":"646DBDD9",
			"x":-73,
			"y":-56
			},
			{
			"res":"FD09E28F",
			"x":-71,
			"y":-56
			},
			{
			"res":"AD036280",
			"x":-63,
			"y":-56
			},
			{
			"res":"39A22321",
			"x":-60,
			"y":-56
			},
			{
			"res":"82C596D0",
			"x":-69,
			"y":-56
			},
			{
			"res":"A8FC09B1",
			"x":-69,
			"y":-56
			},
			{
			"res":"8AC1B8DC",
			"x":-67,
			"y":-56
			}
			]
}},
	"res":{
		"68079730":{"x":264,"y":109,"w":130,"h":105},
		"441B2393":{"x":259,"y":216,"w":122,"h":105},
		"FD09E28F":{"x":424,"y":1,"w":137,"h":105},
		"32173D90":{"x":286,"y":1,"w":136,"h":106},
		"8AC1B8DC":{"x":697,"y":109,"w":127,"h":105},
		"646DBDD9":{"x":146,"y":1,"w":138,"h":105},
		"8E5D0A27":{"x":832,"y":108,"w":130,"h":105},
		"83B72B8B":{"x":697,"y":1,"w":133,"h":106},
		"AD036280":{"x":131,"y":215,"w":126,"h":105},
		"EF6B00A3":{"x":424,"y":108,"w":130,"h":105},
		"30C333FF":{"x":563,"y":1,"w":132,"h":108},
		"1166942D":{"x":1,"y":108,"w":128,"h":108},
		"F19A2CC":{"x":1,"y":1,"w":143,"h":105},
		"A8FC09B1":{"x":556,"y":111,"w":128,"h":104},
		"40E27593":{"x":131,"y":108,"w":131,"h":105},
		"39A22321":{"x":396,"y":215,"w":123,"h":105},
		"82C596D0":{"x":832,"y":1,"w":132,"h":105},
		"40BDFD1B":{"x":826,"y":215,"w":123,"h":105}
	}}