{"mc":{
	"default":{
		"frameRate":18,
		"events":[
			
			],
		"frames":[
			
			{
			"res":"CD931D87",
			"x":-33,
			"y":-31
			},
			{
			"res":"C008EF85",
			"x":-33,
			"y":-31
			},
			{
			"res":"19EE1BF",
			"x":-34,
			"y":-31
			},
			{
			"res":"47CBF7B5",
			"x":-34,
			"y":-31
			},
			{
			"res":"19EE1BF",
			"x":-34,
			"y":-31
			},
			{
			"res":"C008EF85",
			"x":-33,
			"y":-31
			},
			{
			"res":"CD931D87",
			"x":-33,
			"y":-31
			}
			]
}},
	"res":{
		"47CBF7B5":{"x":0,"y":0,"w":64,"h":40},
		"19EE1BF":{"x":66,"y":0,"w":64,"h":40},
		"CD931D87":{"x":132,"y":0,"w":63,"h":40},
		"C008EF85":{"x":0,"y":42,"w":63,"h":40}
	}}