{"mc":{
	"default":{
		"frameRate":9,
		"events":[
			
			],
		"frames":[
			
			{
			"res":"A9C85F45",
			"x":-4,
			"y":-4
			},
			{
			"res":"C0D8F426",
			"x":-10,
			"y":-10
			},
			{
			"res":"99AC3844",
			"x":-16,
			"y":-16
			},
			{
			"res":"936BA073",
			"x":-23,
			"y":-23
			},
			{
			"res":"8E46DB0B",
			"x":-29,
			"y":-29
			},
			{
			"res":"DA1A92B6",
			"x":-35,
			"y":-35
			},
			{
			"res":"BD0BC736",
			"x":-40,
			"y":-40
			},
			{
			"res":"56C0F14F",
			"x":-40,
			"y":-40
			},
			{
			"res":"91FE3052",
			"x":-40,
			"y":-40
			},
			{
			"res":"FE6D3585",
			"x":-41,
			"y":-41
			},
			{
			"res":"2144DF1C",
			"x":-42,
			"y":-42,
			"duration":4
			}
			]
}},
	"res":{
		"936BA073":{"x":162,"y":152,"w":45,"h":45},
		"FE6D3585":{"x":0,"y":0,"w":81,"h":81},
		"DA1A92B6":{"x":162,"y":81,"w":69,"h":69},
		"A9C85F45":{"x":223,"y":54,"w":7,"h":7},
		"99AC3844":{"x":223,"y":0,"w":31,"h":31},
		"2144DF1C":{"x":232,"y":54,"w":1,"h":1},
		"91FE3052":{"x":0,"y":83,"w":79,"h":79},
		"8E46DB0B":{"x":164,"y":0,"w":57,"h":57},
		"BD0BC736":{"x":81,"y":83,"w":79,"h":79},
		"C0D8F426":{"x":223,"y":33,"w":19,"h":19},
		"56C0F14F":{"x":83,"y":0,"w":79,"h":79}
	}}