{"mc":{
	"default":{
		"frameRate":10,
		"events":[
			
			],
		"frames":[
			
			{
			"res":"FC9A995A",
			"x":-42,
			"y":-43
			},
			{
			"res":"265BE9D4",
			"x":-42,
			"y":-43
			},
			{
			"res":"657421AA",
			"x":-42,
			"y":-43
			},
			{
			"res":"265BE9D4",
			"x":-42,
			"y":-43
			},
			{
			"res":"FC9A995A",
			"x":-42,
			"y":-43
			},
			{
			"res":"265BE9D4",
			"x":-42,
			"y":-43
			},
			{
			"res":"657421AA",
			"x":-42,
			"y":-43
			},
			{
			"res":"FC9A995A",
			"x":-42,
			"y":-43
			},
			{
			"res":"657421AA",
			"x":-42,
			"y":-43
			},
			{
			"res":"265BE9D4",
			"x":-42,
			"y":-43
			},
			{
			"res":"FC9A995A",
			"x":-42,
			"y":-43
			},
			{
			"res":"657421AA",
			"x":-42,
			"y":-43
			},
			{
			"res":"265BE9D4",
			"x":-42,
			"y":-43
			},
			{
			"res":"FC9A995A",
			"x":-42,
			"y":-43
			},
			{
			"res":"657421AA",
			"x":-42,
			"y":-43
			},
			{
			"res":"265BE9D4",
			"x":-42,
			"y":-43
			},
			{
			"res":"FC9A995A",
			"x":-42,
			"y":-43
			},
			{
			"res":"C42BF238",
			"x":-42,
			"y":-43
			},
			{
			"res":"F8FDB0B2",
			"x":-42,
			"y":-43
			}
			]
}},
	"res":{
		"FC9A995A":{"x":0,"y":0,"w":83,"h":83},
		"F8FDB0B2":{"x":0,"y":85,"w":83,"h":83},
		"C42BF238":{"x":0,"y":170,"w":83,"h":83},
		"265BE9D4":{"x":85,"y":0,"w":83,"h":83},
		"657421AA":{"x":85,"y":85,"w":83,"h":83}
	}}