{"mc":{
	"default":{
		"frameRate":22,
		"events":[
			
			],
		"frames":[
			
			{
			"res":"13503866",
			"x":-113,
			"y":-109
			},
			{
			"res":"5CD1044D",
			"x":-107,
			"y":-110
			},
			{
			"res":"EA074BB4",
			"x":-119,
			"y":-111
			},
			{
			"res":"DD9FB8EA",
			"x":-133,
			"y":-123
			},
			{
			"res":"A405FD55",
			"x":-152,
			"y":-110
			},
			{
			"res":"567806C",
			"x":-152,
			"y":-110
			},
			{
			"res":"F84404A0",
			"x":-124,
			"y":-138
			},
			{
			"res":"70414AC0",
			"x":-124,
			"y":-124
			},
			{
			"res":"6E4F10F2",
			"x":-121,
			"y":-111
			},
			{
			"res":"32C7A768",
			"x":-152,
			"y":-110
			},
			{
			"res":"379B9611",
			"x":-125,
			"y":-133
			},
			{
			"res":"8D52856E",
			"x":-132,
			"y":-124
			},
			{
			"res":"263EDF20",
			"x":-152,
			"y":-109
			},
			{
			"res":"60242DF8",
			"x":-152,
			"y":-102
			},
			{
			"res":"7B7DBA1A",
			"x":-110,
			"y":-105
			},
			{
			"res":"3E5BAFC6",
			"x":-105,
			"y":-100
			},
			{
			"res":"20EEB626",
			"x":-92,
			"y":-83
			},
			{
			"res":"8E1277EE",
			"x":-52,
			"y":-52
			},
			{
			"res":"6C577B3A",
			"x":-50,
			"y":-51
			},
			{
			"res":"FD078C37",
			"x":-43,
			"y":-42
			},
			{
			"res":"1A8AD75E",
			"x":-39,
			"y":-35
			},
			{
			"res":"8BB7A58",
			"x":-30,
			"y":-23
			},
			{
			"res":"19E34871",
			"x":-19,
			"y":-12
			},
			{
			"res":"D687CD6B",
			"x":-6,
			"y":-2
			},
			{
			"res":"B871EF3E",
			"x":3,
			"y":8
			},
			{
			"res":"F0DCC53",
			"x":14,
			"y":17
			},
			{
			"res":"B3CC5286",
			"x":22,
			"y":25
			}
			]
}},
	"res":{
		"13503866":{"x":805,"y":0,"w":221,"h":226},
		"20EEB626":{"x":826,"y":713,"w":196,"h":171},
		"32C7A768":{"x":0,"y":236,"w":301,"h":234},
		"5CD1044D":{"x":851,"y":228,"w":211,"h":227},
		"6C577B3A":{"x":934,"y":886,"w":102,"h":106},
		"DD9FB8EA":{"x":305,"y":0,"w":255,"h":229},
		"1A8AD75E":{"x":250,"y":937,"w":85,"h":81},
		"567806C":{"x":0,"y":0,"w":303,"h":234},
		"F0DCC53":{"x":1082,"y":976,"w":32,"h":29},
		"6E4F10F2":{"x":250,"y":700,"w":273,"h":235},
		"7B7DBA1A":{"x":1028,"y":0,"w":221,"h":214},
		"B871EF3E":{"x":1038,"y":976,"w":42,"h":39},
		"70414AC0":{"x":781,"y":471,"w":254,"h":240},
		"263EDF20":{"x":577,"y":236,"w":272,"h":233},
		"3E5BAFC6":{"x":305,"y":472,"w":211,"h":206},
		"379B9611":{"x":577,"y":715,"w":247,"h":247},
		"D687CD6B":{"x":413,"y":964,"w":51,"h":49},
		"8D52856E":{"x":525,"y":472,"w":254,"h":241},
		"FD078C37":{"x":1038,"y":886,"w":89,"h":88},
		"19E34871":{"x":0,"y":961,"w":63,"h":59},
		"60242DF8":{"x":0,"y":472,"w":303,"h":226},
		"8BB7A58":{"x":337,"y":937,"w":74,"h":70},
		"A405FD55":{"x":303,"y":236,"w":272,"h":234},
		"8E1277EE":{"x":826,"y":886,"w":106,"h":109},
		"B3CC5286":{"x":413,"y":937,"w":24,"h":21},
		"F84404A0":{"x":0,"y":700,"w":248,"h":259},
		"EA074BB4":{"x":562,"y":0,"w":241,"h":221}
	}}