{"mc":{
	"default":{
		"frameRate":19,
		"events":[
			
			],
		"frames":[
			
			{
			"res":"25646E68",
			"x":-82,
			"y":-85
			},
			{
			"res":"7F064B5F",
			"x":-95,
			"y":-91
			},
			{
			"res":"29155EEA",
			"x":-108,
			"y":-96
			},
			{
			"res":"6A92AFDA",
			"x":-109,
			"y":-89
			},
			{
			"res":"B90EFA16",
			"x":-109,
			"y":-88
			},
			{
			"res":"648FE2B5",
			"x":-75,
			"y":-73
			},
			{
			"res":"BCEB3CDE",
			"x":-72,
			"y":-74
			},
			{
			"res":"78F82254",
			"x":-67,
			"y":-64
			},
			{
			"res":"EC5A004A",
			"x":-58,
			"y":-55
			},
			{
			"res":"48D2D630",
			"x":-53,
			"y":-51
			}
			]
}},
	"res":{
		"48D2D630":{"x":461,"y":0,"w":123,"h":103},
		"BCEB3CDE":{"x":596,"y":353,"w":155,"h":149},
		"6A92AFDA":{"x":0,"y":194,"w":230,"h":179},
		"EC5A004A":{"x":0,"y":375,"w":133,"h":121},
		"648FE2B5":{"x":431,"y":353,"w":163,"h":146},
		"29155EEA":{"x":0,"y":0,"w":227,"h":192},
		"25646E68":{"x":431,"y":181,"w":170,"h":170},
		"78F82254":{"x":232,"y":366,"w":143,"h":133},
		"B90EFA16":{"x":229,"y":0,"w":230,"h":179},
		"7F064B5F":{"x":232,"y":181,"w":197,"h":183}
	}}