{"mc":{
	"default":{
		"frameRate":6,
		"events":[
			
			],
		"frames":[
			
			{
			"res":"4F645695",
			"x":-13,
			"y":-13
			},
			{
			"res":"516E146B",
			"x":-23,
			"y":-23
			},
			{
			"res":"C12BF0A",
			"x":-32,
			"y":-30
			},
			{
			"res":"522988DE",
			"x":-41,
			"y":-36
			},
			{
			"res":"5F424BC7",
			"x":-36,
			"y":-33
			},
			{
			"res":"E67B6D21",
			"x":-40,
			"y":-40
			},
			{
			"res":"923C6CA7",
			"x":-36,
			"y":-40
			},
			{
			"res":"175D179D",
			"x":-39,
			"y":-40
			},
			{
			"res":"1F886FB8",
			"x":-41,
			"y":-40
			},
			{
			"res":"B971C0DA",
			"x":-41,
			"y":-40
			},
			{
			"res":"E7B251A4",
			"x":-41,
			"y":-40
			},
			{
			"res":"AF1B19E2",
			"x":-41,
			"y":-40
			},
			{
			"res":"3E4BB1C9",
			"x":-39,
			"y":-35
			},
			{
			"res":"A99BAE6C",
			"x":-37,
			"y":-36
			},
			{
			"res":"2144DF1C",
			"x":-42,
			"y":-42
			}
			]
}},
	"res":{
		"516E146B":{"x":0,"y":304,"w":40,"h":44},
		"B971C0DA":{"x":165,"y":0,"w":81,"h":79},
		"3E4BB1C9":{"x":0,"y":165,"w":73,"h":76},
		"923C6CA7":{"x":80,"y":161,"w":71,"h":79},
		"2144DF1C":{"x":252,"y":162,"w":1,"h":1},
		"522988DE":{"x":153,"y":162,"w":72,"h":72},
		"1F886FB8":{"x":165,"y":81,"w":81,"h":79},
		"5F424BC7":{"x":153,"y":236,"w":70,"h":67},
		"175D179D":{"x":0,"y":83,"w":78,"h":80},
		"AF1B19E2":{"x":83,"y":0,"w":80,"h":81},
		"E67B6D21":{"x":80,"y":83,"w":74,"h":76},
		"4F645695":{"x":227,"y":162,"w":23,"h":23},
		"E7B251A4":{"x":0,"y":0,"w":81,"h":81},
		"A99BAE6C":{"x":75,"y":242,"w":59,"h":77},
		"C12BF0A":{"x":0,"y":243,"w":55,"h":59}
	}}