{"mc":{
	"default":{
		"frameRate":32,
		"events":[
			
			],
		"frames":[
			
			{
			"res":"2508F01F",
			"x":-33,
			"y":-5
			},
			{
			"res":"D1206C4A",
			"x":-36,
			"y":-20
			},
			{
			"res":"67A5365B",
			"x":-55,
			"y":-42
			},
			{
			"res":"5B5A2DAB",
			"x":-83,
			"y":-48
			},
			{
			"res":"81D258EA",
			"x":-112,
			"y":-48
			},
			{
			"res":"BE26F2BB",
			"x":-122,
			"y":-48
			},
			{
			"res":"B78BCE02",
			"x":-136,
			"y":-48
			},
			{
			"res":"A97B6B91",
			"x":-148,
			"y":-48
			},
			{
			"res":"9CDC71FC",
			"x":-156,
			"y":-48
			},
			{
			"res":"1C5A7455",
			"x":-145,
			"y":-14
			},
			{
			"res":"5D7A5B23",
			"x":-136,
			"y":-15
			}
			]
}},
	"res":{
		"5D7A5B23":{"x":94,"y":204,"w":152,"h":28},
		"81D258EA":{"x":340,"y":102,"w":151,"h":100},
		"BE26F2BB":{"x":177,"y":102,"w":161,"h":100},
		"D1206C4A":{"x":94,"y":234,"w":55,"h":41},
		"A97B6B91":{"x":197,"y":0,"w":187,"h":100},
		"1C5A7455":{"x":0,"y":296,"w":158,"h":30},
		"2508F01F":{"x":151,"y":234,"w":41,"h":20},
		"B78BCE02":{"x":0,"y":102,"w":175,"h":100},
		"5B5A2DAB":{"x":386,"y":0,"w":122,"h":100},
		"67A5365B":{"x":0,"y":204,"w":92,"h":90},
		"9CDC71FC":{"x":0,"y":0,"w":195,"h":100}
	}}