{"mc":{
	"default":{
		"frameRate":16,
		"events":[
			
			],
		"frames":[
			
			{
			"res":"2DDF489F",
			"x":-59,
			"y":-55
			},
			{
			"res":"4D594D0A",
			"x":-59,
			"y":-55
			},
			{
			"res":"4855B32A",
			"x":-59,
			"y":-38
			},
			{
			"res":"FED0FA5A",
			"x":-47,
			"y":-33
			},
			{
			"res":"9AE6C802",
			"x":-46,
			"y":-23
			},
			{
			"res":"76B6E7A0",
			"x":-44,
			"y":-12
			},
			{
			"res":"2144DF1C",
			"x":-60,
			"y":-55
			}
			]
}},
	"res":{
		"9AE6C802":{"x":119,"y":165,"w":98,"h":62},
		"2144DF1C":{"x":0,"y":205,"w":1,"h":1},
		"2DDF489F":{"x":119,"y":89,"w":91,"h":74},
		"4D594D0A":{"x":0,"y":0,"w":115,"h":109},
		"4855B32A":{"x":0,"y":111,"w":117,"h":92},
		"76B6E7A0":{"x":212,"y":89,"w":93,"h":51},
		"FED0FA5A":{"x":117,"y":0,"w":105,"h":87}
	}}