{"mc":{
	"default":{
		"frameRate":26,
		"events":[
			
			],
		"frames":[
			
			{
			"res":"8F5DF67C",
			"x":-38,
			"y":-39
			},
			{
			"res":"4CB06F70",
			"x":-52,
			"y":-45
			},
			{
			"res":"122B993",
			"x":-55,
			"y":-45
			},
			{
			"res":"DFC6A70C",
			"x":-55,
			"y":-45
			},
			{
			"res":"6AAF96F2",
			"x":-52,
			"y":-37
			},
			{
			"res":"6F03F61E",
			"x":-43,
			"y":-38
			},
			{
			"res":"2C7CF63A",
			"x":-35,
			"y":-37
			},
			{
			"res":"F8BDD77F",
			"x":-35,
			"y":-37
			}
			]
}},
	"res":{
		"2C7CF63A":{"x":206,"y":178,"w":83,"h":71},
		"6AAF96F2":{"x":115,"y":0,"w":108,"h":77},
		"122B993":{"x":0,"y":90,"w":112,"h":88},
		"F8BDD77F":{"x":0,"y":180,"w":83,"h":71},
		"4CB06F70":{"x":114,"y":90,"w":108,"h":86},
		"8F5DF67C":{"x":224,"y":79,"w":74,"h":73},
		"DFC6A70C":{"x":0,"y":0,"w":113,"h":88},
		"6F03F61E":{"x":114,"y":178,"w":90,"h":75}
	}}