{"mc":{
	"default":{
		"frameRate":14,
		"events":[
			
			],
		"frames":[
			
			{
			"res":"D1CD58D2",
			"x":-45,
			"y":-44
			},
			{
			"res":"26057C67",
			"x":-45,
			"y":-44
			},
			{
			"res":"4F0B05F2",
			"x":-45,
			"y":-44
			},
			{
			"res":"9F366C91",
			"x":-45,
			"y":-44
			},
			{
			"res":"4550C8D7",
			"x":-45,
			"y":-44
			},
			{
			"res":"B319C3F3",
			"x":-45,
			"y":-44
			},
			{
			"res":"839727CF",
			"x":-45,
			"y":-44
			},
			{
			"res":"54E8BF42",
			"x":-45,
			"y":-44
			},
			{
			"res":"85869281",
			"x":-45,
			"y":-44
			},
			{
			"res":"46B1F85B",
			"x":-45,
			"y":-44
			},
			{
			"res":"A4D001D4",
			"x":-45,
			"y":-44
			},
			{
			"res":"2C31C56F",
			"x":-45,
			"y":-44
			},
			{
			"res":"82184D9",
			"x":-12,
			"y":-34
			},
			{
			"res":"72F5F80C",
			"x":-1,
			"y":-32
			},
			{
			"res":"8A792180",
			"x":11,
			"y":-25
			}
			]
}},
	"res":{
		"85869281":{"x":0,"y":0,"w":91,"h":88},
		"B319C3F3":{"x":0,"y":90,"w":91,"h":88},
		"A4D001D4":{"x":0,"y":180,"w":91,"h":88},
		"D1CD58D2":{"x":0,"y":270,"w":91,"h":88},
		"2C31C56F":{"x":0,"y":360,"w":91,"h":88},
		"4550C8D7":{"x":93,"y":0,"w":91,"h":88},
		"8A792180":{"x":221,"y":244,"w":21,"h":53},
		"46B1F85B":{"x":93,"y":90,"w":91,"h":88},
		"26057C67":{"x":93,"y":180,"w":91,"h":88},
		"9F366C91":{"x":93,"y":270,"w":91,"h":88},
		"72F5F80C":{"x":221,"y":180,"w":33,"h":62},
		"4F0B05F2":{"x":93,"y":360,"w":91,"h":88},
		"54E8BF42":{"x":186,"y":0,"w":91,"h":88},
		"82184D9":{"x":186,"y":180,"w":33,"h":64},
		"839727CF":{"x":186,"y":90,"w":91,"h":88}
	}}