{"mc":{
	"default":{
		"frameRate":30,
		"events":[
			
			],
		"frames":[
			
			{
			"res":"80695E53",
			"x":-37,
			"y":-38
			},
			{
			"res":"86B721D4",
			"x":-37,
			"y":-38
			},
			{
			"res":"F6AB9BA4",
			"x":-37,
			"y":-38
			},
			{
			"res":"6E9B112F",
			"x":-37,
			"y":-38
			},
			{
			"res":"539163D6",
			"x":-37,
			"y":-38
			},
			{
			"res":"2749416B",
			"x":-37,
			"y":-38
			},
			{
			"res":"B2B66CBB",
			"x":-37,
			"y":-38
			},
			{
			"res":"5FD2DF80",
			"x":-37,
			"y":-38
			},
			{
			"res":"F1185DBB",
			"x":-37,
			"y":-38
			},
			{
			"res":"D196FDEC",
			"x":-37,
			"y":-38
			},
			{
			"res":"DDACE176",
			"x":-37,
			"y":-38
			},
			{
			"res":"81BEFFB4",
			"x":-37,
			"y":-38
			},
			{
			"res":"87864DFB",
			"x":-37,
			"y":-38
			},
			{
			"res":"92536C2A",
			"x":-37,
			"y":-38
			},
			{
			"res":"8D7C7EE2",
			"x":-37,
			"y":-38
			},
			{
			"res":"2AD40A44",
			"x":-37,
			"y":-38
			},
			{
			"res":"727A2381",
			"x":-37,
			"y":-38
			},
			{
			"res":"B3C52AAD",
			"x":-37,
			"y":-38
			},
			{
			"res":"5112F026",
			"x":-37,
			"y":-38
			},
			{
			"res":"70D48977",
			"x":-37,
			"y":-38
			}
			]
}},
	"res":{
		"2AD40A44":{"x":0,"y":0,"w":74,"h":74},
		"5FD2DF80":{"x":76,"y":0,"w":74,"h":74},
		"2749416B":{"x":152,"y":0,"w":74,"h":74},
		"DDACE176":{"x":228,"y":0,"w":74,"h":74},
		"86B721D4":{"x":304,"y":0,"w":74,"h":74},
		"81BEFFB4":{"x":380,"y":0,"w":74,"h":74},
		"727A2381":{"x":0,"y":76,"w":74,"h":74},
		"8D7C7EE2":{"x":76,"y":76,"w":74,"h":74},
		"539163D6":{"x":152,"y":76,"w":74,"h":74},
		"87864DFB":{"x":228,"y":76,"w":74,"h":74},
		"B3C52AAD":{"x":304,"y":76,"w":74,"h":74},
		"6E9B112F":{"x":380,"y":76,"w":74,"h":74},
		"80695E53":{"x":0,"y":152,"w":74,"h":74},
		"70D48977":{"x":76,"y":152,"w":74,"h":74},
		"F6AB9BA4":{"x":152,"y":152,"w":74,"h":74},
		"D196FDEC":{"x":228,"y":152,"w":74,"h":74},
		"92536C2A":{"x":304,"y":152,"w":74,"h":74},
		"F1185DBB":{"x":380,"y":152,"w":74,"h":74},
		"5112F026":{"x":0,"y":228,"w":74,"h":74},
		"B2B66CBB":{"x":76,"y":228,"w":74,"h":74}
	}}