{"mc":{
	"default":{
		"frameRate":22,
		"events":[
			
			],
		"frames":[
			
			{
			"res":"8F6B6314",
			"x":-59,
			"y":-58
			},
			{
			"res":"FFF86102",
			"x":-61,
			"y":-61
			},
			{
			"res":"A56855B7",
			"x":-59,
			"y":-61
			},
			{
			"res":"A2698D1D",
			"x":-53,
			"y":-53
			},
			{
			"res":"D9E7DB0B",
			"x":-31,
			"y":-31
			},
			{
			"res":"48372EA2",
			"x":-61,
			"y":-61
			}
			]
}},
	"res":{
		"48372EA2":{"x":246,"y":0,"w":5,"h":5},
		"8F6B6314":{"x":0,"y":124,"w":119,"h":116},
		"A56855B7":{"x":124,"y":0,"w":120,"h":122},
		"D9E7DB0B":{"x":121,"y":232,"w":63,"h":63},
		"FFF86102":{"x":0,"y":0,"w":122,"h":122},
		"A2698D1D":{"x":121,"y":124,"w":106,"h":106}
	}}