{"mc":{
	"default":{
		"frameRate":24,
		"events":[
			
			],
		"frames":[
			
			{
			"res":"BE21B09E",
			"x":-42,
			"y":-42
			},
			{
			"res":"33EE2C5E",
			"x":-42,
			"y":-42
			},
			{
			"res":"8E7093B9",
			"x":-42,
			"y":-42
			},
			{
			"res":"482B7FA3",
			"x":-42,
			"y":-42
			},
			{
			"res":"B766629A",
			"x":-42,
			"y":-42
			},
			{
			"res":"2B2AD42A",
			"x":-41,
			"y":-42
			},
			{
			"res":"D49671BC",
			"x":-38,
			"y":-42
			},
			{
			"res":"2F090802",
			"x":-20,
			"y":-16
			}
			]
}},
	"res":{
		"D49671BC":{"x":173,"y":174,"w":81,"h":68},
		"482B7FA3":{"x":0,"y":0,"w":85,"h":85},
		"2B2AD42A":{"x":87,"y":174,"w":84,"h":68},
		"2F090802":{"x":174,"y":0,"w":34,"h":33},
		"B766629A":{"x":0,"y":174,"w":85,"h":68},
		"BE21B09E":{"x":0,"y":87,"w":85,"h":85},
		"8E7093B9":{"x":87,"y":0,"w":85,"h":85},
		"33EE2C5E":{"x":87,"y":87,"w":85,"h":85}
	}}