{"mc":{
	"default":{
		"frameRate":24,
		"events":[
			
			],
		"frames":[
			
			{
			"res":"64D721F",
			"x":-42,
			"y":-42
			},
			{
			"res":"BFDA2732",
			"x":-42,
			"y":-42
			},
			{
			"res":"D01F5051",
			"x":-42,
			"y":-42
			},
			{
			"res":"91622731",
			"x":-42,
			"y":-42
			},
			{
			"res":"3DB9BE3D",
			"x":-42,
			"y":-42
			},
			{
			"res":"6C207541",
			"x":-42,
			"y":-42
			},
			{
			"res":"3829B316",
			"x":-42,
			"y":-42
			},
			{
			"res":"124B2787",
			"x":-42,
			"y":-42
			},
			{
			"res":"49835376",
			"x":-42,
			"y":-42
			},
			{
			"res":"6A224E2F",
			"x":-42,
			"y":-42
			},
			{
			"res":"58299A36",
			"x":-42,
			"y":-42
			},
			{
			"res":"629ADAEC",
			"x":-42,
			"y":-42
			},
			{
			"res":"BB6DDB9E",
			"x":-42,
			"y":-42
			},
			{
			"res":"1E20F927",
			"x":-42,
			"y":-42
			},
			{
			"res":"DE1A6EF3",
			"x":-42,
			"y":-42
			},
			{
			"res":"E3A88982",
			"x":-42,
			"y":-42
			},
			{
			"res":"9D957FD5",
			"x":-42,
			"y":-42
			},
			{
			"res":"203979E",
			"x":-42,
			"y":-42
			},
			{
			"res":"875B5E0E",
			"x":-42,
			"y":-42
			},
			{
			"res":"5350C602",
			"x":-42,
			"y":-42
			},
			{
			"res":"E3CDA081",
			"x":-42,
			"y":-42
			},
			{
			"res":"712B1105",
			"x":-42,
			"y":-42
			}
			]
}},
	"res":{
		"91622731":{"x":0,"y":0,"w":84,"h":84},
		"49835376":{"x":0,"y":86,"w":84,"h":84},
		"875B5E0E":{"x":0,"y":172,"w":84,"h":84},
		"DE1A6EF3":{"x":0,"y":258,"w":84,"h":84},
		"6C207541":{"x":0,"y":344,"w":84,"h":84},
		"E3A88982":{"x":86,"y":0,"w":84,"h":84},
		"E3CDA081":{"x":172,"y":0,"w":84,"h":84},
		"124B2787":{"x":258,"y":0,"w":84,"h":84},
		"5350C602":{"x":344,"y":0,"w":84,"h":84},
		"9D957FD5":{"x":86,"y":86,"w":84,"h":84},
		"BFDA2732":{"x":86,"y":172,"w":84,"h":84},
		"203979E":{"x":86,"y":258,"w":84,"h":84},
		"D01F5051":{"x":86,"y":344,"w":84,"h":84},
		"3DB9BE3D":{"x":172,"y":86,"w":84,"h":84},
		"712B1105":{"x":258,"y":86,"w":84,"h":84},
		"3829B316":{"x":344,"y":86,"w":84,"h":84},
		"629ADAEC":{"x":172,"y":172,"w":84,"h":84},
		"64D721F":{"x":172,"y":258,"w":84,"h":84},
		"1E20F927":{"x":172,"y":344,"w":84,"h":84},
		"BB6DDB9E":{"x":258,"y":172,"w":84,"h":84},
		"6A224E2F":{"x":344,"y":172,"w":84,"h":84},
		"58299A36":{"x":258,"y":258,"w":84,"h":84}
	}}