{"frameRate":30,"name":"shengji","version":"5.5","compatibleVersion":"5.5","armature":[{"type":"Armature","frameRate":30,"name":"shengji","aabb":{"x":-321.95,"y":-448.81,"width":655.84,"height":900.31},"bone":[{"name":"root"},{"length":349.52000000000004,"name":"bone","parent":"root"},{"name":"tx","parent":"root"},{"length":56.1,"name":"bone2","parent":"bone","transform":{"x":7.316800000000001,"y":119.68,"skX":-90,"skY":-90}},{"length":56.1,"name":"bone1","parent":"bone","transform":{"x":7.316800000000001,"y":-1.3702,"skX":-90,"skY":-90}},{"length":56.1,"name":"bone3","parent":"bone","transform":{"x":7.316800000000001,"y":239.36,"skX":-90,"skY":-90}},{"name":"bone5","parent":"bone","transform":{"x":11.0296,"y":-137.33960000000002}},{"length":165.58,"name":"bone46","parent":"bone","transform":{"x":5.6168000000000005,"y":-63.7228}},{"length":56.1,"name":"bone4","parent":"bone","transform":{"x":7.316800000000001,"y":388.62,"skX":-90,"skY":-90}},{"name":"tx3","parent":"tx"},{"name":"bone6","parent":"bone","transform":{"x":8.2314,"y":-97.4338}},{"length":25.840000000000003,"name":"bone12","parent":"bone6","transform":{"x":83.6434,"y":-78.1966,"skX":125.54,"skY":125.54}},{"length":107.10000000000001,"name":"bone7","parent":"bone6","transform":{"x":0.1564,"y":-13.4946,"skX":-91.26,"skY":-91.26}},{"length":25.500000000000004,"name":"bone10","parent":"bone6","transform":{"x":-81.24640000000001,"y":-78.6658,"skX":60.97,"skY":60.97}},{"length":120.7,"name":"bone13","parent":"bone6","transform":{"x":0.1768,"y":8.8536,"skX":87.93,"skY":87.93}},{"length":150.62,"name":"bone53","parent":"bone46","transform":{"x":-94.87360000000001,"y":-94.98920000000001,"skX":163.69,"skY":163.69}},{"length":118.66000000000001,"name":"bone55","parent":"bone46","transform":{"x":-113.9884,"y":-43.3228,"skX":151.11,"skY":151.11}},{"length":145.18,"name":"bone54","parent":"bone46","transform":{"x":91.90200000000002,"y":-95.9684,"skX":16.54,"skY":16.54}},{"length":165.58,"name":"bone51","parent":"bone46","transform":{"x":-87.71660000000001,"y":-112.3292,"skX":-157.11,"skY":-157.11}},{"length":157.42000000000002,"name":"bone50","parent":"bone46","transform":{"x":48.052200000000006,"y":-161.88080000000002,"skX":-43.06,"skY":-43.06}},{"length":143.14000000000001,"name":"bone52","parent":"bone46","transform":{"x":90.2564,"y":-113.3084,"skX":-22.76,"skY":-22.76}},{"length":137.36,"name":"bone56","parent":"bone46","transform":{"x":125.91900000000001,"y":-43.0202,"skX":30.38,"skY":30.38}},{"length":229.50000000000003,"name":"bone48","parent":"bone46","transform":{"x":-2.3120000000000003,"y":-150.8376,"skX":-90,"skY":-90}},{"length":171.02,"name":"bone49","parent":"bone46","transform":{"x":-50.061600000000006,"y":-165.45080000000002,"skX":-137.59,"skY":-137.59}},{"name":"bone47","parent":"bone46","transform":{"y":-60.37720000000001}},{"length":65.96000000000001,"name":"bone11","parent":"bone7","transform":{"x":125.03500000000001,"y":61.251000000000005,"skX":159.88,"skY":159.88}},{"length":92.82000000000001,"name":"bone79","parent":"bone7","transform":{"x":102.06460000000001,"y":77.7716,"skX":-152.36,"skY":-152.36,"scX":-1}},{"length":43.18,"name":"bone68","parent":"bone7","transform":{"x":101.08200000000001,"y":58.568400000000004,"skX":53.22,"skY":53.22,"scY":-1}},{"length":59.160000000000004,"name":"bone9","parent":"bone7","transform":{"x":122.961,"y":-60.0508,"skX":-160.45,"skY":-160.45}},{"length":92.82000000000001,"name":"bone20","parent":"bone7","transform":{"x":102.3434,"y":-74.154,"skX":-25.72,"skY":-25.72}},{"length":61.88,"name":"bone8","parent":"bone7","transform":{"x":107.2972,"skX":-0.92,"skY":-0.92}},{"length":97.92,"name":"bone14","parent":"bone13","transform":{"x":120.7306,"skX":4.61,"skY":4.61}},{"length":43.18,"name":"bone57","parent":"bone7","transform":{"x":103.938,"y":-59.3232,"skX":-52.54,"skY":-52.54}},{"length":48.28,"name":"bone80","parent":"bone79","transform":{"x":81.21240000000002,"y":0.0068000000000000005,"skX":-167.19,"skY":-167.19}},{"length":80.58000000000001,"name":"bone58","parent":"bone57","transform":{"x":42.84,"y":0.2516,"skX":34.13,"skY":34.13}},{"length":80.58000000000001,"name":"bone69","parent":"bone68","transform":{"x":42.84,"y":0.2516,"skX":30.99,"skY":30.99}},{"length":48.28,"name":"bone21","parent":"bone20","transform":{"x":81.21240000000002,"y":0.0068000000000000005,"skX":-167.19,"skY":-167.19}},{"length":51.68000000000001,"name":"bone86","parent":"bone79","transform":{"x":86.224,"y":-13.861800000000002,"skX":-138.74,"skY":-138.74}},{"length":51.68000000000001,"name":"bone27","parent":"bone20","transform":{"x":86.224,"y":-13.861800000000002,"skX":-138.74,"skY":-138.74}},{"length":62.56,"name":"bone15","parent":"bone14","transform":{"x":98.2192,"skX":3.43,"skY":3.43}},{"length":53.38,"name":"bone16","parent":"bone15","transform":{"x":62.849000000000004,"skX":-14.54,"skY":-14.54}},{"length":42.5,"name":"bone22","parent":"bone21","transform":{"x":48.5792,"skX":5.51,"skY":5.51}},{"length":50.32,"name":"bone28","parent":"bone27","transform":{"x":51.9078,"skX":-0.62,"skY":-0.62}},{"length":93.16000000000001,"name":"bone61","parent":"bone58","transform":{"x":80.9642,"y":-6.8918,"skX":-82.13,"skY":-82.13}},{"length":84.66000000000001,"name":"bone75","parent":"bone69","transform":{"x":74.7728,"y":-5.0932,"skX":-114.73,"skY":-114.73}},{"length":50.32,"name":"bone87","parent":"bone86","transform":{"x":51.9078,"skX":-0.62,"skY":-0.62}},{"length":101.32000000000001,"name":"bone70","parent":"bone69","transform":{"x":84.9252,"y":0.5644,"skX":-26.41,"skY":-26.41}},{"length":101.32000000000001,"name":"bone59","parent":"bone58","transform":{"x":84.9252,"y":0.5644,"skX":-26.41,"skY":-26.41}},{"length":42.5,"name":"bone81","parent":"bone80","transform":{"x":48.5792,"skX":5.51,"skY":5.51}},{"length":93.16000000000001,"name":"bone73","parent":"bone69","transform":{"x":80.9642,"y":-6.8918,"skX":-82.13,"skY":-82.13}},{"length":37.06,"name":"bone66","parent":"bone58","transform":{"x":-1.36,"y":-13.256600000000002,"skX":-134.45,"skY":-134.45}},{"length":84.66000000000001,"name":"bone63","parent":"bone58","transform":{"x":74.7728,"y":-5.0932,"skX":-114.73,"skY":-114.73}},{"length":37.06,"name":"bone77","parent":"bone69","transform":{"x":-1.36,"y":-13.256600000000002,"skX":-134.45,"skY":-134.45}},{"length":45.220000000000006,"name":"bone29","parent":"bone28","transform":{"x":50.2486,"y":-0.4454000000000001,"skX":-14.81,"skY":-14.81}},{"length":115.60000000000001,"name":"bone62","parent":"bone61","transform":{"x":95.06400000000002,"y":-0.7956,"skX":-27.09,"skY":-27.09}},{"length":63.580000000000005,"name":"bone64","parent":"bone63","transform":{"x":84.9184,"skX":-20.41,"skY":-20.41}},{"length":39.1,"name":"bone67","parent":"bone66","transform":{"x":37.3048,"skX":-3.77,"skY":-3.77}},{"length":45.220000000000006,"name":"bone82","parent":"bone81","transform":{"x":42.5544,"skX":8.65,"skY":8.65}},{"length":98.26,"name":"bone71","parent":"bone70","transform":{"x":101.35740000000001,"y":-0.37740000000000007,"skX":-17.35,"skY":-17.35}},{"length":98.26,"name":"bone60","parent":"bone59","transform":{"x":101.35740000000001,"y":-0.37740000000000007,"skX":-17.35,"skY":-17.35}},{"length":45.220000000000006,"name":"bone88","parent":"bone87","transform":{"x":50.2486,"y":-0.4454000000000001,"skX":-14.81,"skY":-14.81}},{"length":63.580000000000005,"name":"bone76","parent":"bone75","transform":{"x":84.9184,"skX":-20.41,"skY":-20.41}},{"length":115.60000000000001,"name":"bone74","parent":"bone73","transform":{"x":95.06400000000002,"y":-0.7956,"skX":-27.09,"skY":-27.09}},{"length":55.760000000000005,"name":"bone17","parent":"bone16","transform":{"x":53.65540000000001,"skX":-4.2,"skY":-4.2}},{"length":45.220000000000006,"name":"bone23","parent":"bone22","transform":{"x":42.5544,"skX":8.65,"skY":8.65}},{"length":39.1,"name":"bone78","parent":"bone77","transform":{"x":37.3048,"skX":-3.77,"skY":-3.77}},{"length":44.540000000000006,"name":"bone30","parent":"bone29","transform":{"x":45.281200000000005,"skX":-10.61,"skY":-10.61}},{"length":40.800000000000004,"name":"bone24","parent":"bone23","transform":{"x":45.27100000000001,"skX":-6.41,"skY":-6.41}},{"length":40.46,"name":"bone18","parent":"bone17","transform":{"x":55.89600000000001,"skX":28.3,"skY":28.3}},{"length":60.86000000000001,"name":"bone65","parent":"bone60","transform":{"x":98.5796,"y":-0.42840000000000006,"skX":-21.84,"skY":-21.84}},{"length":60.86000000000001,"name":"bone72","parent":"bone71","transform":{"x":98.5796,"y":-0.42840000000000006,"skX":-21.84,"skY":-21.84}},{"length":40.800000000000004,"name":"bone83","parent":"bone82","transform":{"x":45.27100000000001,"skX":-6.41,"skY":-6.41}},{"length":44.540000000000006,"name":"bone89","parent":"bone88","transform":{"x":45.281200000000005,"skX":-10.61,"skY":-10.61}},{"length":56.440000000000005,"name":"bone19","parent":"bone18","transform":{"x":40.735400000000006,"skX":18.98,"skY":18.98}},{"length":27.880000000000003,"name":"bone84","parent":"bone83","transform":{"x":40.9564,"skX":-14.69,"skY":-14.69}},{"length":27.880000000000003,"name":"bone25","parent":"bone24","transform":{"x":40.9564,"skX":-14.69,"skY":-14.69}},{"length":36.720000000000006,"name":"bone31","parent":"bone30","transform":{"x":44.8426,"skX":-1.07,"skY":-1.07}},{"length":36.720000000000006,"name":"bone90","parent":"bone89","transform":{"x":44.8426,"skX":-1.07,"skY":-1.07}},{"length":44.2,"name":"bone91","parent":"bone90","transform":{"x":37.842,"y":0.6494,"skX":21.13,"skY":21.13}},{"length":29.580000000000002,"name":"bone85","parent":"bone84","transform":{"x":27.941200000000006,"skX":-8.21,"skY":-8.21}},{"length":29.580000000000002,"name":"bone26","parent":"bone25","transform":{"x":27.941200000000006,"skX":-8.21,"skY":-8.21}},{"length":44.2,"name":"bone32","parent":"bone31","transform":{"x":37.842,"y":0.6494,"skX":21.13,"skY":21.13}}],"slot":[{"name":"quan","parent":"bone47"},{"name":"ci5","parent":"bone55"},{"name":"ci9","parent":"bone56"},{"name":"ci4","parent":"bone53"},{"name":"ci8","parent":"bone54"},{"name":"ci3","parent":"bone51"},{"name":"ci7","parent":"bone52"},{"name":"ci2","parent":"bone49"},{"name":"ci6","parent":"bone50"},{"name":"ci1","parent":"bone48"},{"name":"zuochibang3","parent":"bone57"},{"name":"zuochibang4","parent":"bone68"},{"name":"zuochibang1","parent":"bone20"},{"name":"zuochibang5","parent":"bone79"},{"name":"shenti","parent":"bone7"},{"name":"zuoshoubi2","parent":"bone9"},{"name":"zuoshoubi3","parent":"bone11"},{"name":"weiba","parent":"bone13"},{"name":"tou","parent":"bone8"},{"name":"mupai","parent":"bone5"},{"name":"zuozhuazi","parent":"bone10"},{"name":"zuozhuazi2","parent":"bone10"},{"name":"shuzi","parent":"bone5"},{"name":"zuochibang2","parent":"bone20"},{"name":"zuochibang6","parent":"bone79"},{"name":"pai4","parent":"bone4"},{"name":"zi4","parent":"bone4"},{"name":"pai3","parent":"bone3"},{"name":"zi3","parent":"bone3"},{"name":"biao3","parent":"bone3"},{"name":"pai2","parent":"bone2"},{"name":"zi2","parent":"bone2"},{"name":"biao2","parent":"bone2"},{"name":"pai1","parent":"bone1"},{"name":"zi1","parent":"bone1"},{"name":"biao1","parent":"bone1"},{"displayIndex":-1,"name":"tx/3/tx_3_01","parent":"tx3"}],"skin":[{"slot":[{"name":"quan","display":[{"name":"quan","transform":{"y":-0.01}}]},{"name":"ci5","display":[{"name":"ci5","transform":{"x":66.76,"y":-14.54,"skX":-151.11,"skY":-151.11}}]},{"name":"ci8","display":[{"name":"ci4","transform":{"x":73.84,"y":3.84,"skX":-16.54,"skY":-16.54,"scX":-1}}]},{"name":"pai3","display":[{"name":"pai1","transform":{"skX":90,"skY":90}}]},{"name":"zuochibang4","display":[{"type":"mesh","name":"zuochibang3","width":297,"height":290,"vertices":[239.27,-423.61,195.1,-397.12,156.42,-366.86,121.31,-326.76,113.16,-317.16,98.44,-295.82,99.33,-293.83,111.98,-301.62,102.26,-270.32,86.99,-246.23,77.44,-235.23,63.82,-231.56,56.99,-221.63,57.33,-210.98,62.84,-202.85,63.85,-176.55,66.89,-165.25,86.98,-160.22,95.17,-153.5,114.05,-153.16,143.51,-163.24,169.6,-190.34,200.71,-195.89,219.39,-183.89,225.64,-203.46,228.6,-215.33,225.48,-234.25,242.06,-236.13,280.2,-235.15,314.95,-205.26,320.48,-230.05,321.2,-273.42,298.55,-340.2,300.22,-393.62,331.7,-424.17,357.91,-428.42,358.13,-437.73,329.28,-438.38,289.6,-439.28,136.64,-317.44,170.49,-349.31,206.43,-380.43,249.07,-400.19,294.81,-418.63,182,-312.2,227.79,-301.7,221.64,-282.65,178.62,-294.96,143.11,-304.45,128.72,-310.38,126.48,-300.47,157.8,-267.35,177.69,-239.2,196.16,-252.58,171.47,-280.83,107.37,-235.05,118.03,-261.25,211.06,-227.89,188.17,-220.44,270.02,-276.65,255.36,-260.09,175.74,-287.64,209.3,-265.11,261.82,-340.84,222.02,-337.04,179.68,-329.58,124.83,-202.94,102.32,-190.49,96.51,-213.29,133.68,-183.76,162.24,-205.23,153.57,-222.73,138.16,-243.85,114.45,-223.4,108.05,-171.74,81.42,-181.23,74.73,-204.85],"uvs":[0.3988,0.05795,0.5454,0.1527,0.67323,0.26004,0.7883,0.40102,0.81496,0.43475,0.86287,0.50946,0.85973,0.51625,0.81775,0.48838,0.84809,0.59705,0.89694,0.68001,0.92975,0.71603,0.97594,0.72715,1,0.76058,1,0.79733,0.98238,0.82596,0.98183,0.91674,0.97282,0.95598,0.90195,0.97632,0.87478,1,0.79951,1,0.70114,0.96294,0.61543,0.86752,0.51121,0.84595,0.44744,0.88586,0.4279,0.81793,0.41886,0.77678,0.43079,0.71178,0.37516,0.70403,0.24676,0.70442,0.12758,0.80476,0.11085,0.71887,0.11173,0.56932,0.19302,0.34085,0.19146,0.15656,0.0879,0.0488,0,0.03209,0,0,0.0971,0,0.23068,0,0.736,0.43195,0.62455,0.31942,0.50599,0.20933,0.36404,0.13791,0.21157,0.07079,0.583,0.44649,0.42815,0.47911,0.4474,0.54526,0.59305,0.50618,0.71325,0.47622,0.7621,0.45692,0.7689,0.49124,0.66101,0.60296,0.59193,0.69847,0.53082,0.65088,0.61604,0.55542,0.82855,0.71894,0.79435,0.62709,0.47881,0.73485,0.55524,0.76231,0.28415,0.56217,0.33224,0.62037,0.60219,0.53163,0.48756,0.60668,0.31661,0.34151,0.45023,0.35772,0.59213,0.38675,0.76701,0.82758,0.8418,0.87225,0.86762,0.79378,0.73579,0.89299,0.64133,0.81673,0.67182,0.7571,0.72529,0.68551,0.80349,0.75785,0.8211,0.93642,0.91911,0.90361,0.94216,0.8204],"triangles":[76,75,14,14,75,15,76,14,13,76,13,12,11,76,12,10,76,11,75,16,15,75,17,16,67,75,76,68,67,76,10,68,76,9,55,10,55,68,10,74,17,75,67,74,75,4,7,5,8,56,9,74,18,17,56,55,9,55,73,68,74,19,18,66,67,68,73,66,68,7,50,8,7,6,5,50,56,8,69,74,67,66,69,67,4,49,7,72,73,55,56,72,55,49,50,7,20,19,74,69,20,74,50,51,56,3,49,4,2,39,3,71,66,73,72,71,73,2,40,39,48,51,50,39,49,3,51,72,56,49,48,50,70,69,66,71,70,66,39,48,49,54,51,48,40,65,39,21,20,69,70,21,69,52,71,72,51,52,72,44,47,48,61,54,48,47,61,48,41,40,2,1,41,2,58,70,71,52,58,71,54,53,51,53,52,51,58,21,70,58,22,21,64,65,40,41,64,40,61,62,54,62,53,54,47,62,61,45,46,44,44,46,47,46,62,47,64,44,65,53,58,52,53,57,58,64,45,44,57,22,58,0,42,41,0,41,1,57,24,22,62,26,53,26,57,53,25,24,57,42,64,41,24,23,22,42,63,64,27,26,62,60,27,62,46,60,62,26,25,57,63,45,64,45,59,46,59,60,46,63,59,45,33,63,42,43,42,0,38,43,0,60,28,27,32,59,63,33,32,63,43,33,42,59,28,60,32,31,59,30,29,28,37,43,38,34,33,43,37,34,43,36,35,34,36,34,37,65,39,44,44,48,39,31,59,30,28,30,59],"weights":[1,58,1,2,46,0.59782,58,0.40218,2,46,0.912,58,0.088,2,35,0.488,46,0.512,1,35,1,1,35,1,1,35,1,1,35,1,1,35,1,2,27,0.59479,35,0.40521,2,27,0.98947,35,0.01053,1,27,1,1,27,1,1,27,1,1,27,1,1,27,1,1,27,1,2,27,0.736,65,0.264,2,27,0.736,65,0.264,1,65,1,1,65,1,3,35,0.07473,61,0.61071,65,0.31456,3,44,0.00541,61,0.90506,65,0.08953,1,61,1,2,62,0.00959,61,0.99041,2,62,0.0475,61,0.9525,4,49,0.00046,62,0.27267,44,0.00058,61,0.72629,2,62,0.74772,61,0.25228,1,62,1,1,62,1,1,62,1,3,58,0.03741,49,0.01782,62,0.94477,2,58,0.496,62,0.504,4,58,0.67128,70,0.25193,49,0.04476,62,0.03203,3,58,0.00027,70,0.99972,49,0.00001,1,70,1,1,70,1,1,70,1,2,58,0.56271,70,0.43729,2,35,0.488,46,0.512,2,46,0.912,58,0.088,4,46,0.57355,58,0.39963,49,0.02679,62,0.00002,4,46,0.00087,58,0.97965,49,0.01515,62,0.00433,4,58,0.53,70,0.46333,49,0.00404,62,0.00263,3,46,0.11234,58,0.0022,49,0.88547,4,46,0.01406,58,0.02955,49,0.75717,62,0.19922,4,49,0.3384,62,0.60392,44,0.02936,61,0.02833,2,49,0.84247,44,0.15753,2,49,0.504,44,0.496,3,35,0.40339,49,0.11574,44,0.48087,2,35,0.55805,44,0.44195,4,35,0.05589,44,0.83466,61,0.00537,52,0.10408,3,44,0.46457,61,0.44305,65,0.09239,4,49,0.04684,62,0.06674,44,0.46408,61,0.42234,2,49,0.26576,44,0.73424,4,27,0.40744,35,0.52771,44,0.04039,61,0.02446,3,35,0.86618,44,0.12821,61,0.00562,2,62,0.07881,61,0.92119,3,44,0.05622,61,0.85217,65,0.0916,2,49,0.152,62,0.848,2,49,0.152,62,0.848,2,49,0.56525,44,0.43475,4,49,0.2153,62,0.31133,44,0.23991,61,0.23346,2,58,0.496,62,0.504,4,46,0.232,58,0.25485,49,0.24576,62,0.26739,3,46,0.4864,58,0.00287,49,0.51073,2,52,0.512,65,0.488,2,52,0.496,65,0.504,4,27,0.92855,35,0.02079,44,0.01237,61,0.03828,2,52,0.112,65,0.888,4,35,0.0995,44,0.05186,61,0.5341,65,0.31454,4,35,0.16925,44,0.20293,61,0.31805,65,0.30976,4,35,0.39302,44,0.37527,61,0.07971,52,0.152,2,52,0.776,65,0.224,1,65,1,3,27,0.7076,52,0.16794,65,0.12446,1,27,1],"slotPose":[1,0,0,1,0,0],"bonePose":[58,0.904306,-0.426884,-0.426884,-0.904306,203.010647,-387.727625,46,0.735861,-0.677133,-0.677133,-0.735861,128.170163,-319.372912,35,0.357879,-0.933768,-0.933768,-0.357879,98.304229,-239.870496,27,0.787581,-0.616211,-0.616211,-0.787581,64.719308,-213.273841,65,0.35527,0.934764,0.934764,-0.35527,125.713532,-199.932022,61,0.404982,0.914325,0.914325,-0.404982,189.128025,-247.092708,44,0.698415,0.715693,0.715693,-0.698415,129.819716,-307.868189,62,0.763909,0.645324,0.645324,-0.763909,226.124692,-290.684564,49,0.973976,0.226651,0.226651,-0.973976,133.714964,-313.005839,70,0.998209,-0.059829,-0.059829,-0.998209,292.339666,-429.422317,52,0.415963,0.909381,0.909381,-0.415963,110.196101,-233.856311],"edges":[36,35,35,34,34,33,33,32,32,31,31,30,30,29,29,28,28,27,27,26,26,25,25,24,24,23,23,22,22,21,21,20,20,19,19,18,18,17,17,16,16,15,15,14,14,13,13,12,12,11,11,10,10,9,9,8,8,7,7,6,6,5,5,4,4,3,3,2,2,1,1,0,0,38,38,37,37,36],"userEdges":[39,3,39,40,40,41,41,1,41,42,42,43,43,38,42,0,43,34,34,37,40,2,39,44,44,45,45,46,46,47,47,48,48,49,39,49,49,50,50,51,51,52,52,53,53,54,54,48,49,4,7,50,9,55,55,56,56,8,56,50,53,57,57,24,52,58,58,22,57,58,45,59,59,60,60,46,28,60,47,61,61,54,48,61,46,62,62,53,61,62,62,26,43,33,59,30,42,63,63,59,32,63,41,64,64,45,63,64,40,65,65,44,64,65,65,39,66,67,67,68,68,55,66,69,69,20,58,70,70,69,70,21,52,71,71,66,70,71,51,72,72,56,72,71,55,73,73,66,72,73,54,51,19,74,74,67,69,74,74,17,67,75,75,76,76,14,68,76,17,75,75,15,73,68,10,68,44,47,57,26,27,62]}]},{"name":"tx/3/tx_3_01","display":[{"name":"tx/3/tx_3_01"},{"name":"tx/3/tx_3_02"},{"name":"tx/3/tx_3_03"},{"name":"tx/3/tx_3_04"},{"name":"tx/3/tx_3_05"},{"name":"tx/3/tx_3_06"},{"name":"tx/3/tx_3_07"},{"name":"tx/3/tx_3_08"},{"name":"tx/3/tx_3_09"},{"name":"tx/3/tx_3_10"},{"name":"tx/3/tx_3_11"},{"name":"tx/3/tx_3_12"},{"name":"tx/3/tx_3_13"},{"name":"tx/3/tx_3_14"},{"name":"tx/3/tx_3_15"},{"name":"tx/3/tx_3_16"},{"name":"tx/3/tx_3_17"},{"name":"tx/3/tx_3_18"},{"name":"tx/3/tx_3_19"}]},{"name":"zi1","display":[{"name":"zi1","transform":{"y":41.66,"skX":90,"skY":90}}]},{"name":"zuoshoubi2","display":[{"name":"zuoshoubi","transform":{"x":24.24,"y":-3.98,"skX":-108.17,"skY":-108.17}}]},{"name":"ci9","display":[{"name":"ci5","transform":{"x":58,"y":17.79,"skX":-30.38,"skY":-30.38,"scX":-1}}]},{"name":"ci6","display":[{"name":"ci2","transform":{"x":79.83,"y":4.09,"skX":43.06,"skY":43.06,"scX":-1}}]},{"name":"ci3","display":[{"name":"ci3","transform":{"x":70.61,"y":0.72,"skX":157.11,"skY":157.11}}]},{"name":"pai4","display":[{"name":"pai4","transform":{"x":-0.16,"y":-6.97,"skX":90,"skY":90}}]},{"name":"zi2","display":[{"name":"zi2","transform":{"y":41.68,"skX":90,"skY":90}}]},{"name":"zi3","display":[{"name":"zi3","transform":{"y":41.68,"skX":90,"skY":90}}]},{"name":"zuozhuazi","display":[{"name":"zuozhuazi","transform":{"x":12.97,"y":-0.72,"skX":-60.85,"skY":-60.85}}]},{"name":"zuochibang3","display":[{"type":"mesh","name":"zuochibang3","width":297,"height":290,"vertices":[-224.39,-425.93,-180.83,-398.45,-142.85,-367.32,-108.65,-326.43,-100.73,-316.65,-86.49,-294.98,-87.43,-293.01,-99.9,-301.09,-90.89,-269.58,-76.37,-245.51,-66.63,-235.07,-52.9,-231.84,-45.75,-222.14,-45.75,-211.48,-50.99,-203.18,-51.16,-176.85,-53.84,-165.47,-74.9,-159.58,-82.97,-152.71,-105.33,-152.71,-134.56,-163.46,-160.03,-191.14,-191,-197.39,-209.95,-185.82,-215.76,-205.52,-218.44,-217.46,-214.9,-236.31,-231.43,-238.56,-269.58,-238.45,-305,-209.36,-309.97,-234.27,-309.7,-277.64,-285.54,-343.89,-286.01,-397.33,-316.78,-428.59,-342.9,-433.44,-342.9,-442.74,-314.04,-442.74,-274.35,-442.74,-124.2,-317.46,-157.31,-350.09,-192.54,-382.02,-234.72,-402.74,-280.03,-422.21,-169.66,-313.25,-215.68,-303.79,-209.96,-284.61,-166.67,-295.94,-130.95,-304.62,-116.44,-310.22,-114.42,-300.26,-146.48,-267.86,-167.01,-240.17,-185.17,-253.97,-159.84,-281.65,-96.7,-234.22,-106.86,-260.87,-200.63,-229.62,-177.92,-221.65,-258.47,-279.71,-244.18,-262.82,-163.96,-288.55,-198.03,-266.79,-248.82,-343.7,-209.11,-338.99,-166.95,-330.57,-114.98,-202.72,-92.76,-189.76,-85.09,-212.52,-124.27,-183.75,-152.34,-205.87,-143.27,-223.16,-127.38,-243.92,-104.14,-222.94,-98.92,-171.15,-69.8,-180.67,-62.94,-204.8],"uvs":[0.3988,0.05795,0.5454,0.1527,0.67323,0.26004,0.7883,0.40102,0.81496,0.43475,0.86287,0.50946,0.85973,0.51625,0.81775,0.48838,0.84809,0.59705,0.89694,0.68001,0.92975,0.71603,0.97594,0.72715,1,0.76058,1,0.79733,0.98238,0.82596,0.98183,0.91674,0.97282,0.95598,0.90195,0.97632,0.87478,1,0.79951,1,0.70114,0.96294,0.61543,0.86752,0.51121,0.84595,0.44744,0.88586,0.4279,0.81793,0.41886,0.77678,0.43079,0.71178,0.37516,0.70403,0.24676,0.70442,0.12758,0.80476,0.11085,0.71887,0.11173,0.56932,0.19302,0.34085,0.19146,0.15656,0.0879,0.0488,0,0.03209,0,0,0.0971,0,0.23068,0,0.736,0.43195,0.62455,0.31942,0.50599,0.20933,0.36404,0.13791,0.21157,0.07079,0.583,0.44649,0.42815,0.47911,0.4474,0.54526,0.59305,0.50618,0.71325,0.47622,0.7621,0.45692,0.7689,0.49124,0.66101,0.60296,0.59193,0.69847,0.53082,0.65088,0.61604,0.55542,0.82855,0.71894,0.79435,0.62709,0.47881,0.73485,0.55524,0.76231,0.28415,0.56217,0.33224,0.62037,0.60219,0.53163,0.48756,0.60668,0.31661,0.34151,0.45023,0.35772,0.59213,0.38675,0.76701,0.82758,0.8418,0.87225,0.86762,0.79378,0.73579,0.89299,0.64133,0.81673,0.67182,0.7571,0.72529,0.68551,0.80349,0.75785,0.8211,0.93642,0.91911,0.90361,0.94216,0.8204],"triangles":[76,75,14,14,75,15,76,14,13,76,13,12,11,76,12,10,76,11,75,16,15,75,17,16,67,75,76,68,67,76,10,68,76,9,55,10,55,68,10,74,17,75,67,74,75,4,7,5,8,56,9,74,18,17,56,55,9,55,73,68,74,19,18,66,67,68,73,66,68,7,50,8,7,6,5,50,56,8,69,74,67,66,69,67,4,49,7,72,73,55,56,72,55,49,50,7,20,19,74,69,20,74,50,51,56,3,49,4,2,39,3,71,66,73,72,71,73,2,40,39,48,51,50,39,49,3,51,72,56,49,48,50,70,69,66,71,70,66,39,48,49,54,51,48,40,65,39,21,20,69,70,21,69,52,71,72,51,52,72,44,47,48,61,54,48,47,61,48,41,40,2,1,41,2,58,70,71,52,58,71,54,53,51,53,52,51,58,21,70,58,22,21,64,65,40,41,64,40,61,62,54,62,53,54,47,62,61,45,46,44,44,46,47,46,62,47,64,44,65,53,58,52,53,57,58,64,45,44,57,22,58,0,42,41,0,41,1,57,24,22,62,26,53,26,57,53,25,24,57,42,64,41,24,23,22,42,63,64,27,26,62,60,27,62,46,60,62,26,25,57,63,45,64,45,59,46,59,60,46,63,59,45,33,63,42,43,42,0,38,43,0,60,28,27,32,59,63,33,32,63,43,33,42,59,28,60,32,31,59,30,29,28,37,43,38,34,33,43,37,34,43,36,35,34,36,34,37,65,39,44,44,48,39,31,59,30,28,30,59],"weights":[1,59,1,2,47,0.59782,59,0.40218,2,47,0.912,59,0.088,2,34,0.488,47,0.512,1,34,1,1,34,1,1,34,1,1,34,1,1,34,1,2,32,0.59479,34,0.40521,2,32,0.98947,34,0.01053,1,32,1,1,32,1,1,32,1,1,32,1,1,32,1,1,32,1,2,32,0.736,56,0.264,2,32,0.736,56,0.264,1,56,1,1,56,1,3,34,0.07473,55,0.61071,56,0.31456,3,51,0.00541,55,0.90506,56,0.08953,1,55,1,2,54,0.00959,55,0.99041,2,54,0.0475,55,0.9525,4,43,0.00046,54,0.27267,51,0.00058,55,0.72629,2,54,0.74772,55,0.25228,1,54,1,1,54,1,1,54,1,3,59,0.03741,43,0.01782,54,0.94477,2,59,0.496,54,0.504,4,59,0.67128,69,0.25193,43,0.04476,54,0.03203,3,59,0.00027,69,0.99972,43,0.00001,1,69,1,1,69,1,1,69,1,2,59,0.56271,69,0.43729,2,34,0.488,47,0.512,2,47,0.912,59,0.088,4,47,0.57355,59,0.39963,43,0.02679,54,0.00002,4,47,0.00087,59,0.97965,43,0.01515,54,0.00433,4,59,0.53,69,0.46333,43,0.00404,54,0.00263,3,47,0.11234,59,0.0022,43,0.88547,4,47,0.01406,59,0.02955,43,0.75717,54,0.19922,4,43,0.3384,54,0.60392,51,0.02936,55,0.02833,2,43,0.84247,51,0.15753,2,43,0.504,51,0.496,3,34,0.40339,43,0.11574,51,0.48087,2,34,0.55805,51,0.44195,4,34,0.05589,51,0.83466,55,0.00537,50,0.10408,3,51,0.46457,55,0.44305,56,0.09239,4,43,0.04684,54,0.06674,51,0.46408,55,0.42234,2,43,0.26576,51,0.73424,4,32,0.40744,34,0.52771,51,0.04039,55,0.02446,3,34,0.86618,51,0.12821,55,0.00562,2,54,0.07881,55,0.92119,3,51,0.05622,55,0.85217,56,0.0916,2,43,0.152,54,0.848,2,43,0.152,54,0.848,2,43,0.56525,51,0.43475,4,43,0.2153,54,0.31133,51,0.23991,55,0.23346,2,59,0.496,54,0.504,4,47,0.232,59,0.25485,43,0.24576,54,0.26739,3,47,0.4864,59,0.00287,43,0.51073,2,50,0.512,56,0.488,2,50,0.496,56,0.504,4,32,0.92855,34,0.02079,51,0.01237,55,0.03828,2,50,0.112,56,0.888,4,34,0.0995,51,0.05186,55,0.5341,56,0.31454,4,34,0.16925,51,0.20293,55,0.31805,56,0.30976,4,34,0.39302,51,0.37527,55,0.07971,50,0.152,2,50,0.776,56,0.224,1,56,1,3,32,0.7076,50,0.16794,56,0.12446,1,32,1],"slotPose":[1,0,0,1,0,0],"bonePose":[59,-0.894389,-0.447291,0.447291,-0.894389,-188.953154,-389.235948,47,-0.720309,-0.693653,0.693653,-0.720309,-115.68272,-319.200897,34,-0.336602,-0.941647,0.941647,-0.336602,-87.628171,-239.041366,32,-0.80696,-0.590606,0.590606,-0.80696,-53.206588,-213.536788,56,-0.376386,0.926463,-0.926463,-0.376386,-115.936517,-199.735016,55,-0.425621,0.904901,-0.904901,-0.425621,-178.264737,-248.322269,51,-0.714473,0.699663,-0.699663,-0.714473,-117.592861,-307.73656,54,-0.778353,0.627827,-0.627827,-0.778353,-214.262898,-292.742261,43,-0.978867,0.204496,-0.204496,-0.978867,-121.370546,-312.96126,69,-0.996594,-0.08246,0.08246,-0.996594,-277.31324,-432.946545,50,-0.436488,0.89971,-0.89971,-0.436488,-99.653429,-233.298525],"edges":[36,35,35,34,34,33,33,32,32,31,31,30,30,29,29,28,28,27,27,26,26,25,25,24,24,23,23,22,22,21,21,20,20,19,19,18,18,17,17,16,16,15,15,14,14,13,13,12,12,11,11,10,10,9,9,8,8,7,7,6,6,5,5,4,4,3,3,2,2,1,1,0,0,38,38,37,37,36],"userEdges":[39,3,39,40,40,41,41,1,41,42,42,43,43,38,42,0,43,34,34,37,40,2,39,44,44,45,45,46,46,47,47,48,48,49,39,49,49,50,50,51,51,52,52,53,53,54,54,48,49,4,7,50,9,55,55,56,56,8,56,50,53,57,57,24,52,58,58,22,57,58,45,59,59,60,60,46,28,60,47,61,61,54,48,61,46,62,62,53,61,62,62,26,43,33,59,30,42,63,63,59,32,63,41,64,64,45,63,64,40,65,65,44,64,65,65,39,66,67,67,68,68,55,66,69,69,20,58,70,70,69,70,21,52,71,71,66,70,71,51,72,72,56,72,71,55,73,73,66,72,73,54,51,19,74,74,67,69,74,74,17,67,75,75,76,76,14,68,76,17,75,75,15,73,68,10,68,44,47,57,26,27,62]}]},{"name":"ci2","display":[{"name":"ci2","transform":{"x":74.82,"y":-3.41,"skX":137.59,"skY":137.59}}]},{"name":"zuochibang5","display":[{"type":"mesh","name":"zuochibang1","width":92,"height":161,"vertices":[100.42,-270.41,73.52,-246.2,64.54,-240.58,65.5,-172.78,95.69,-159.01,158.51,-159.9,158.13,-186.91,157.31,-245.02,134.27,-321.07,126.94,-320.96,119.09,-320.85,84.43,-215.46,117.62,-257.29],"uvs":[0.60912,0.31073,0.90245,0.45824,1,0.49228,1,0.91214,0.67681,1,0,1,0,0.8327,0,0.47283,0.23681,0,0.31578,0,0.4004,0,0.78963,0.64953,0.42578,0.3934],"triangles":[11,4,3,11,3,2,1,11,2,12,11,1,0,12,1,12,7,11,7,6,11,6,4,11,10,9,0,6,5,4,9,8,12,9,12,0,8,7,12],"weights":[1,26,1,2,12,0.504,26,0.496,1,12,1,1,12,1,1,12,1,1,12,1,2,12,0.504,26,0.496,1,26,1,1,26,1,1,26,1,1,26,1,2,12,0.504,26,0.496,1,26,1],"slotPose":[1,0,0,1,0,0],"bonePose":[26,0.444322,-0.895867,-0.895867,-0.444322,83.896258,-214.67847,12,-0.021989,-0.999758,0.999758,-0.021989,8.3878,-110.9284],"edges":[5,4,4,3,3,2,2,1,1,0,0,10,10,9,9,8,8,7,7,6,6,5],"userEdges":[1,11,11,6,0,12,12,11,12,9,7,12,11,3]}]},{"name":"biao2","display":[{"name":"biao2","transform":{"y":-144.17,"skX":90,"skY":90}}]},{"name":"zuochibang6","display":[{"type":"mesh","name":"zuochibang2","width":108,"height":336,"vertices":[113.64,-314.11,107.61,-290.35,102.61,-265.62,98.53,-245.46,94.87,-223.28,93.38,-202.7,92.67,-179.9,94.25,-155.58,90.68,-135.88,86.91,-116.59,83.44,-105.44,79.57,-93.02,66.48,-70.87,61.93,-67.73,62.11,-50.27,82.27,-56.48,94.56,-48.42,83.31,-28.84,92.08,-25.29,107.74,-40.73,132.24,-32.07,141.05,-32.65,157.05,-8.48,156.53,5.35,167.38,5.24,169.23,-6.35,164.63,-29.22,155.3,-57.76,157.26,-76.27,161.52,-95.48,167.15,-115.92,170.02,-139.95,169.77,-163.54,169.5,-188.82,165.77,-214.14,156.16,-238.69,149.14,-261.19,141.22,-286.62,133.64,-310.54,133.61,-331.36,127.67,-331.3,119.22,-331.21,125.97,-283.99,142.54,-233.69,128.34,-232.64,114.63,-236.81,134.94,-256.75,127.26,-255.99,119.78,-258.23,123.56,-311.33,153.67,-184.87,149.64,-208.04,130.93,-185.91,110.08,-194.38,111.55,-215.72,130.24,-208.35,152.16,-141.27,153.26,-162.8,129.85,-144.62,110.53,-149.9,109.54,-172.72,131.53,-165.05,142.24,-98.11,147.56,-118.32,122.87,-103.15,105.11,-109.04,107.75,-129.37,126.97,-123.06,135.24,-60.48,115.28,-67.2,96.33,-80.56,138.54,-78.18,118.76,-84.5,100.72,-94.81],"uvs":[0.50132,0.05061,0.55908,0.12091,0.60741,0.19416,0.6468,0.25385,0.68255,0.31956,0.69816,0.3806,0.70683,0.44823,0.69469,0.52047,0.72938,0.57882,0.7658,0.63594,0.79879,0.66892,0.83556,0.70569,0.95794,0.77102,1,0.7802,1,0.83202,0.81416,0.81421,0.70214,0.8385,0.80747,0.89627,0.72722,0.90706,0.58177,0.86172,0.35773,0.88817,0.27667,0.88673,0.13201,0.95896,0.13809,1,0.03841,1,0.02022,0.96567,0.06029,0.89765,0.14332,0.81265,0.1235,0.7578,0.08245,0.70091,0.02869,0.64042,0,0.56919,0,0.49919,0,0.42416,0.03184,0.34889,0.1178,0.27574,0.18009,0.20875,0.25049,0.13305,0.31783,0.06182,0.31617,0,0.37073,0,0.44842,0,0.39094,0.14034,0.24344,0.29015,0.37403,0.29282,0.49967,0.28001,0.31106,0.22147,0.38172,0.22349,0.4503,0.21659,0.4104,0.05915,0.1459,0.43537,0.18062,0.36651,0.35475,0.43157,0.54553,0.40581,0.52992,0.34252,0.35894,0.36496,0.16397,0.56471,0.15183,0.50087,0.36863,0.55407,0.54553,0.53783,0.55247,0.47007,0.35117,0.49351,0.25936,0.69251,0.20857,0.63269,0.43676,0.67693,0.5993,0.65891,0.5731,0.59867,0.39716,0.61798,0.32735,0.80397,0.50997,0.7834,0.68267,0.74317,0.29537,0.75154,0.47627,0.73216,0.64098,0.70103],"triangles":[15,14,13,12,15,13,11,70,12,70,15,12,16,18,17,10,73,11,73,70,11,70,16,15,70,69,16,9,65,10,65,73,10,60,7,6,5,53,6,16,19,18,8,66,9,66,65,9,4,54,5,7,59,8,59,66,8,3,45,4,69,19,16,53,60,6,60,59,7,54,53,5,45,54,4,73,72,70,72,69,70,1,42,2,65,64,73,2,48,3,48,45,3,64,72,73,0,49,1,69,68,19,66,67,65,67,64,65,42,48,2,61,59,60,53,52,60,59,58,66,54,55,53,58,67,66,68,20,19,45,44,54,49,42,1,61,58,59,52,61,60,48,47,45,55,52,53,44,55,54,41,49,0,47,44,45,72,71,69,71,68,69,38,42,49,42,47,48,40,49,41,46,47,42,64,62,72,62,71,72,68,21,20,46,44,47,38,37,42,40,38,49,67,63,64,63,62,64,39,38,40,37,46,42,37,36,46,43,55,44,46,43,44,58,56,67,56,63,67,51,52,55,43,51,55,61,57,58,27,21,68,50,61,52,51,50,52,57,56,58,50,57,61,28,27,71,35,43,46,36,35,46,71,27,68,62,28,71,26,22,21,29,28,62,27,26,21,34,51,43,35,34,43,63,29,62,30,29,63,31,30,56,33,50,51,56,30,63,50,32,57,32,31,57,57,31,56,34,33,51,26,25,22,25,24,22,22,24,23,33,32,50],"weights":[1,26,1,1,33,1,2,33,0.856,48,0.144,2,33,0.528,48,0.472,3,33,0.15053,48,0.63347,57,0.216,2,48,0.512,57,0.488,3,48,0.12646,57,0.70554,71,0.168,2,57,0.504,71,0.496,3,57,0.15014,71,0.66586,74,0.184,2,71,0.512,74,0.488,3,71,0.12646,74,0.70554,79,0.168,2,74,0.472,79,0.528,1,79,1,1,79,1,1,79,1,1,79,1,2,79,0.552,78,0.448,2,79,0.552,78,0.448,2,79,0.552,78,0.448,2,79,0.552,78,0.448,2,77,0.216,78,0.784,2,77,0.216,78,0.784,2,77,0.16,78,0.84,1,78,1,1,78,1,2,77,0.16,78,0.84,2,77,0.216,78,0.784,2,77,0.496,78,0.504,3,72,0.11635,77,0.69165,78,0.192,2,72,0.512,77,0.488,3,60,0.13517,72,0.63283,77,0.232,2,60,0.496,72,0.504,3,45,0.15014,60,0.66586,72,0.184,2,45,0.512,60,0.488,3,37,0.12646,45,0.70554,60,0.168,2,37,0.52,45,0.48,2,37,0.744,45,0.256,1,37,1,1,26,1,1,26,1,1,26,1,1,26,1,1,33,1,2,37,0.52,45,0.48,2,48,0.52,45,0.48,2,33,0.528,48,0.472,2,37,0.744,45,0.256,2,33,0.472,37,0.528,2,33,0.856,48,0.144,1,26,1,2,45,0.512,60,0.488,3,37,0.12646,45,0.70554,60,0.168,2,57,0.528,60,0.472,2,48,0.512,57,0.488,3,33,0.15053,48,0.63347,57,0.216,2,48,0.52,45,0.48,2,60,0.496,72,0.504,3,45,0.15014,60,0.66586,72,0.184,2,71,0.512,72,0.488,2,57,0.504,71,0.496,3,48,0.12646,57,0.70554,71,0.168,2,57,0.528,60,0.472,2,72,0.512,77,0.488,3,60,0.13517,72,0.63283,77,0.232,2,74,0.544,77,0.456,2,71,0.528,74,0.472,3,57,0.15014,71,0.66586,74,0.184,2,71,0.512,72,0.488,2,77,0.496,78,0.504,2,79,0.552,78,0.448,2,74,0.472,79,0.528,3,72,0.11635,77,0.69165,78,0.192,2,74,0.544,77,0.456,3,71,0.12646,74,0.70554,79,0.168],"slotPose":[1,0,0,1,0,0],"bonePose":[26,0.444322,-0.895867,-0.895867,-0.444322,83.896258,-214.67847,33,-0.234633,0.972084,0.972084,0.234633,119.974662,-287.436994,48,-0.14021,0.990122,0.990122,0.14021,108.576371,-240.213931,57,0.010297,0.999947,0.999947,-0.010297,102.609817,-198.079893,71,-0.101404,0.994845,0.994845,0.101404,103.075984,-152.811293,74,-0.350371,0.936611,0.936611,0.350371,98.922859,-112.066008,79,-0.48053,0.876978,0.876978,0.48053,89.133077,-85.895971,78,0.15471,0.98796,0.98796,-0.15471,143.405638,-60.392918,77,-0.211837,0.977305,0.977305,0.211837,150.787294,-97.513665,72,-0.193549,0.981091,0.981091,0.193549,159.466556,-141.508315,60,-0.009599,0.999954,0.999954,0.009599,159.901217,-186.787428,45,0.246322,0.969188,0.969188,-0.246322,147.955535,-235.597477,37,0.256795,0.966466,0.966466,-0.256795,134.625849,-285.764589],"edges":[31,30,30,29,29,28,28,27,27,26,26,25,25,24,24,23,23,22,22,21,21,20,20,19,19,18,18,17,17,16,16,15,15,14,14,13,13,12,12,11,11,10,10,9,9,8,8,7,7,6,6,5,5,4,4,3,3,2,2,1,1,0,0,41,41,40,40,39,39,38,38,37,37,36,36,35,35,34,34,33,33,32,32,31],"userEdges":[42,1,42,37,35,43,43,44,44,45,45,3,42,46,46,43,36,46,42,47,47,44,46,47,42,48,48,45,47,48,48,2,42,49,49,40,0,49,49,38,33,50,50,51,51,43,51,34,50,52,52,53,53,5,45,54,54,4,54,53,44,55,55,52,51,55,55,54,31,56,56,57,57,50,57,32,56,58,58,59,59,7,53,60,60,6,60,59,52,61,61,58,60,61,61,57,29,62,62,63,63,56,30,63,62,64,64,65,65,9,59,66,66,8,66,65,58,67,67,66,63,67,67,64,27,68,68,69,69,70,70,11,62,71,71,68,28,71,64,72,72,69,71,72,65,73,73,70,72,73,73,10,68,21,21,26,22,25,19,69,16,19,15,12,70,15]}]},{"name":"zuozhuazi2","display":[{"name":"zuozhuazi","transform":{"x":87.62,"y":-135.2,"skX":-60.97,"skY":-60.97,"scX":-1}}]},{"name":"tou","display":[{"name":"tou","transform":{"x":54.13,"y":1.66,"skX":92.19,"skY":92.19}}]},{"name":"shenti","display":[{"name":"shenti","transform":{"x":123.53,"y":0.46,"skX":91.26,"skY":91.26}}]},{"name":"zuoshoubi3","display":[{"name":"zuoshoubi","transform":{"x":33.49,"y":7.15,"skX":-68.49,"skY":-68.49,"scX":-1}}]},{"name":"shuzi","display":[{"name":"shuzi","transform":{"x":5.98,"y":1.33}}]},{"name":"biao1","display":[{"name":"biao1","transform":{"y":-144.16,"skX":90,"skY":90}}]},{"name":"zuochibang1","display":[{"type":"mesh","name":"zuochibang1","width":92,"height":161,"vertices":[-84.89,-266.03,-57.66,-242.21,-48.61,-236.71,-48.61,-168.9,-78.61,-154.71,-141.43,-154.72,-141.43,-181.73,-141.43,-239.85,-119.45,-316.22,-112.12,-316.22,-104.26,-316.22,-68.13,-211.32,-101.9,-252.68],"uvs":[0.60912,0.31073,0.90245,0.45824,1,0.49228,1,0.91214,0.67681,1,0,1,0,0.8327,0,0.47283,0.23681,0,0.31578,0,0.4004,0,0.78963,0.64953,0.42578,0.3934],"triangles":[11,4,3,11,3,2,1,11,2,12,11,1,0,12,1,12,7,11,7,6,11,6,4,11,10,9,0,6,5,4,9,8,12,9,12,0,8,7,12],"weights":[1,29,1,2,12,0.5,29,0.5,1,12,1,1,12,1,1,12,1,1,12,1,2,12,0.5,29,0.5,1,29,1,1,29,1,1,29,1,1,29,1,2,12,0.5,29,0.5,1,29,1],"slotPose":[1,0,0,1,0,0],"bonePose":[29,-0.453679,-0.891165,0.891165,-0.453679,-67.998737,-211.616454,12,-0.021989,-0.999758,0.999758,-0.021989,8.3878,-110.9284],"edges":[5,4,4,3,3,2,2,1,1,0,0,10,10,9,9,8,8,7,7,6,6,5],"userEdges":[1,11,11,6,0,12,12,11,12,9,7,12,11,3]}]},{"name":"biao3","display":[{"name":"biao3","transform":{"y":-144.17,"skX":90,"skY":90}}]},{"name":"weiba","display":[{"type":"mesh","name":"weiba","width":83,"height":499,"vertices":[40.17,-73.48,39.5,-60.57,38.01,-30.17,37.68,2.55,36.7,32,34.09,56.74,31.32,82.68,27.31,107.75,24.42,131.07,20.41,146.81,17.97,161.6,14.49,178.24,13.94,191.7,14.52,204.62,16.62,217.39,17.8,230.72,19.18,242.91,21.47,257.59,24.2,270.6,26.48,285.21,28.63,299.75,28.41,315.45,25.43,332.79,38.77,333.25,53.06,322.52,53.06,326.17,47.19,339.67,41.76,345.34,30.47,357.15,10.44,372.2,-11.57,386.27,-26.59,398.47,-30.59,398.47,-30.59,392.83,-23.12,373.85,-19.39,347.45,-15.17,324.16,-8.11,310.55,2.93,334.17,6.98,325.88,11.95,312.94,12.92,301.65,12.1,288.83,9.93,275.16,6.58,262.27,2.98,248.94,-0.48,236.56,-4.55,222.01,-8.33,208.45,-12.45,193.73,-10.84,177.78,-9.02,159.73,-7.5,144.61,-5.91,128.8,-4.05,105.51,-3.99,79.63,-4.33,56.04,-6.48,33,-13.15,2.94,-20.2,-29.02,-26.71,-58.21,-13.06,-100.65,25.78,-100.65,11.31,339.75],"uvs":[0.84613,0.05443,0.83811,0.08029,0.82025,0.14121,0.81618,0.20677,0.80458,0.26577,0.77329,0.31534,0.74017,0.36732,0.69222,0.41754,0.65763,0.46426,0.60967,0.4958,0.58043,0.52542,0.53886,0.55876,0.53224,0.58572,0.53919,0.61161,0.56436,0.63719,0.57847,0.66391,0.59489,0.68833,0.62234,0.71775,0.65492,0.74381,0.68218,0.77307,0.70796,0.80221,0.70531,0.83366,0.66966,0.8684,0.82916,0.86932,1,0.84782,1,0.85515,0.92979,0.88218,0.86493,0.89355,0.72996,0.9172,0.49052,0.94737,0.22732,0.97555,0.04775,1,0,1,0,0.9887,0.08919,0.95067,0.13378,0.89778,0.18432,0.85112,0.26874,0.82385,0.40074,0.87116,0.44915,0.85456,0.50854,0.82864,0.5201,0.80601,0.51034,0.78034,0.48438,0.75294,0.44425,0.7271,0.4012,0.70041,0.35985,0.67561,0.31124,0.64645,0.26596,0.61929,0.21676,0.58978,0.23598,0.55784,0.25775,0.52167,0.27599,0.49137,0.29506,0.4597,0.31732,0.41305,0.318,0.36121,0.31397,0.31392,0.28824,0.26776,0.20855,0.20754,0.12431,0.14352,0.04641,0.08502,0.20961,0,0.67402,0,0.50089,0.88234],"triangles":[23,26,25,23,25,24,23,27,26,58,3,2,59,2,1,23,22,27,22,28,27,57,4,3,59,58,2,60,59,1,62,61,0,60,1,0,61,60,0,58,57,3,57,56,5,57,5,4,55,6,5,56,55,5,22,63,28,55,54,7,41,40,21,41,21,20,55,7,6,40,39,22,40,22,21,19,42,20,63,29,28,54,53,8,18,43,19,54,8,7,42,41,20,43,42,19,17,44,18,39,63,22,53,9,8,44,43,18,53,52,9,16,45,17,45,44,17,15,46,16,52,10,9,52,51,10,14,47,15,46,45,16,35,29,63,51,11,10,47,46,15,39,38,63,51,50,11,48,47,13,13,47,14,38,35,63,49,48,12,50,49,12,50,12,11,12,48,13,35,34,29,34,30,29,36,35,38,33,31,30,34,33,30,33,32,31,37,36,38],"weights":[1,14,1,2,31,0.064,14,0.936,2,31,0.12,14,0.88,2,31,0.21897,14,0.78103,2,31,0.46333,14,0.53667,2,31,0.80474,14,0.19526,3,39,0.064,31,0.85363,14,0.08237,2,39,0.232,31,0.768,2,39,0.44368,31,0.55632,2,39,0.68832,31,0.31168,3,40,0.104,39,0.7383,31,0.1577,3,40,0.32538,39,0.66662,31,0.008,2,40,0.44809,39,0.55191,2,40,0.79032,39,0.20968,3,63,0.04493,40,0.89107,39,0.064,2,63,0.152,40,0.848,2,63,0.40574,40,0.59426,2,63,0.76,40,0.24,3,68,0.088,63,0.84634,40,0.06566,2,68,0.2,63,0.8,2,68,0.48928,63,0.51072,2,68,0.856,63,0.144,2,73,0.568,68,0.432,1,73,1,1,73,1,1,73,1,1,73,1,1,73,1,1,73,1,1,73,1,1,73,1,1,73,1,1,73,1,1,73,1,1,73,1,1,73,1,2,73,0.93185,68,0.06815,2,73,0.92711,68,0.07289,1,73,1,2,73,0.416,68,0.584,2,68,0.856,63,0.144,2,68,0.54305,63,0.45695,2,68,0.2,63,0.8,3,68,0.088,63,0.84634,40,0.06566,2,63,0.76,40,0.24,2,63,0.60958,40,0.39042,2,63,0.152,40,0.848,3,63,0.04493,40,0.89107,39,0.064,2,40,0.8071,39,0.1929,2,40,0.51646,39,0.48354,3,40,0.32538,39,0.66662,31,0.008,3,40,0.104,39,0.7383,31,0.1577,2,39,0.69412,31,0.30588,2,39,0.50686,31,0.49314,2,39,0.232,31,0.768,3,39,0.064,31,0.85363,14,0.08237,2,31,0.824,14,0.176,2,31,0.53447,14,0.46553,2,31,0.216,14,0.784,2,31,0.12,14,0.88,2,31,0.064,14,0.936,1,14,1,1,14,1,1,73,1],"slotPose":[1,0,0,1,0,0],"bonePose":[14,0.03612,0.999347,-0.999347,0.03612,8.4082,-88.5802,31,-0.044317,0.999018,-0.999018,-0.044317,12.769044,32.071616,39,-0.104008,0.994576,-0.994576,-0.104008,8.416279,130.194319,40,0.149018,0.988835,-0.988835,0.149018,1.879498,192.702456,63,0.221038,0.975265,-0.975265,0.221038,9.875098,245.758769,68,-0.267743,0.96349,-0.96349,-0.267743,22.230231,300.272194,73,-0.56655,0.824027,-0.824027,-0.56655,11.323617,339.520361],"edges":[32,31,31,30,30,29,29,28,28,27,27,26,26,25,25,24,24,23,23,22,22,21,21,20,20,19,19,18,18,17,17,16,16,15,15,14,14,13,13,12,12,11,11,10,10,9,9,8,8,7,7,6,6,5,5,4,4,3,3,2,2,1,1,0,0,62,62,61,61,60,60,59,59,58,58,57,57,56,56,55,55,54,54,53,53,52,52,51,51,50,50,49,49,48,48,47,47,46,46,45,45,44,44,43,43,42,42,41,41,40,40,39,39,38,38,37,37,36,36,35,35,34,34,33,33,32],"userEdges":[57,4,53,8,49,12,45,16,41,20,60,1,59,2,58,3,55,6,56,5,54,7,51,10,50,11,52,9,47,14,48,13,46,15,43,18,44,17,42,19,38,63,63,22,63,28,22,27,38,36,35,29,34,30,40,21,39,22]}]},{"name":"zi4","display":[{"name":"zi4","transform":{"y":-6.97,"skX":90,"skY":90}}]},{"name":"mupai","display":[{"name":"mupai","transform":{"x":-2.18,"y":0.48}}]},{"name":"pai1","display":[{"name":"pai1","transform":{"skX":90,"skY":90}}]},{"name":"ci4","display":[{"name":"ci4","transform":{"x":69.3,"y":-4.44,"skX":-163.69,"skY":-163.69}}]},{"name":"pai2","display":[{"name":"pai1","transform":{"x":0.02,"skX":90,"skY":90}}]},{"name":"ci1","display":[{"name":"ci1","transform":{"x":98.76,"y":0.27,"skX":90,"skY":90}}]},{"name":"zuochibang2","display":[{"type":"mesh","name":"zuochibang2","width":108,"height":336,"vertices":[-98.78,-310.73,-92.5,-287.03,-87.24,-262.36,-82.95,-242.25,-79.06,-220.11,-77.36,-199.54,-76.41,-176.75,-77.73,-152.41,-73.95,-132.75,-69.99,-113.51,-66.4,-102.39,-62.4,-90.01,-49.08,-68,-44.5,-64.91,-44.5,-47.44,-64.72,-53.44,-76.93,-45.25,-65.46,-25.79,-74.19,-22.15,-90.02,-37.43,-114.42,-28.52,-123.24,-29,-138.99,-4.66,-138.32,9.16,-149.17,9.16,-151.15,-2.4,-146.78,-25.32,-137.75,-53.96,-139.9,-72.44,-144.37,-91.61,-150.22,-112,-153.33,-135.99,-153.33,-159.58,-153.33,-184.86,-149.86,-210.22,-140.51,-234.87,-133.73,-257.44,-126.07,-282.95,-118.75,-306.95,-118.93,-327.78,-112.99,-327.78,-104.54,-327.78,-110.79,-280.49,-126.84,-230.02,-112.63,-229.11,-98.96,-233.43,-119.48,-253.16,-111.8,-252.47,-104.33,-254.8,-108.67,-307.85,-137.45,-181.08,-133.67,-204.29,-114.73,-182.36,-93.97,-191.04,-95.67,-212.36,-114.27,-204.8,-135.49,-137.5,-136.81,-159.01,-113.21,-141.08,-93.96,-146.56,-93.21,-169.39,-115.11,-161.49,-125.12,-94.44,-130.65,-114.6,-105.8,-99.69,-88.1,-105.77,-90.95,-126.06,-110.11,-119.55,-117.73,-56.89,-97.84,-63.82,-79.03,-77.38,-121.21,-74.55,-101.5,-81.08,-83.57,-91.57],"uvs":[0.50132,0.05061,0.55908,0.12091,0.60741,0.19416,0.6468,0.25385,0.68255,0.31956,0.69816,0.3806,0.70683,0.44823,0.69469,0.52047,0.72938,0.57882,0.7658,0.63594,0.79879,0.66892,0.83556,0.70569,0.95794,0.77102,1,0.7802,1,0.83202,0.81416,0.81421,0.70214,0.8385,0.80747,0.89627,0.72722,0.90706,0.58177,0.86172,0.35773,0.88817,0.27667,0.88673,0.13201,0.95896,0.13809,1,0.03841,1,0.02022,0.96567,0.06029,0.89765,0.14332,0.81265,0.1235,0.7578,0.08245,0.70091,0.02869,0.64042,0,0.56919,0,0.49919,0,0.42416,0.03184,0.34889,0.1178,0.27574,0.18009,0.20875,0.25049,0.13305,0.31783,0.06182,0.31617,0,0.37073,0,0.44842,0,0.39094,0.14034,0.24344,0.29015,0.37403,0.29282,0.49967,0.28001,0.31106,0.22147,0.38172,0.22349,0.4503,0.21659,0.4104,0.05915,0.1459,0.43537,0.18062,0.36651,0.35475,0.43157,0.54553,0.40581,0.52992,0.34252,0.35894,0.36496,0.16397,0.56471,0.15183,0.50087,0.36863,0.55407,0.54553,0.53783,0.55247,0.47007,0.35117,0.49351,0.25936,0.69251,0.20857,0.63269,0.43676,0.67693,0.5993,0.65891,0.5731,0.59867,0.39716,0.61798,0.32735,0.80397,0.50997,0.7834,0.68267,0.74317,0.29537,0.75154,0.47627,0.73216,0.64098,0.70103],"triangles":[15,14,13,12,15,13,11,70,12,70,15,12,16,18,17,10,73,11,73,70,11,70,16,15,70,69,16,9,65,10,65,73,10,60,7,6,5,53,6,16,19,18,8,66,9,66,65,9,4,54,5,7,59,8,59,66,8,3,45,4,69,19,16,53,60,6,60,59,7,54,53,5,45,54,4,73,72,70,72,69,70,1,42,2,65,64,73,2,48,3,48,45,3,64,72,73,0,49,1,69,68,19,66,67,65,67,64,65,42,48,2,61,59,60,53,52,60,59,58,66,54,55,53,58,67,66,68,20,19,45,44,54,49,42,1,61,58,59,52,61,60,48,47,45,55,52,53,44,55,54,41,49,0,47,44,45,72,71,69,71,68,69,38,42,49,42,47,48,40,49,41,46,47,42,64,62,72,62,71,72,68,21,20,46,44,47,38,37,42,40,38,49,67,63,64,63,62,64,39,38,40,37,46,42,37,36,46,43,55,44,46,43,44,58,56,67,56,63,67,51,52,55,43,51,55,61,57,58,27,21,68,50,61,52,51,50,52,57,56,58,50,57,61,28,27,71,35,43,46,36,35,46,71,27,68,62,28,71,26,22,21,29,28,62,27,26,21,34,51,43,35,34,43,63,29,62,30,29,63,31,30,56,33,50,51,56,30,63,50,32,57,32,31,57,57,31,56,34,33,51,26,25,22,25,24,22,22,24,23,33,32,50],"weights":[1,29,1,1,36,1,2,36,0.856,41,0.144,2,36,0.528,41,0.472,3,36,0.15053,41,0.63347,64,0.216,2,41,0.512,64,0.488,3,41,0.12646,64,0.70554,67,0.168,2,64,0.504,67,0.496,3,64,0.15014,67,0.66586,75,0.184,2,67,0.512,75,0.488,3,67,0.12646,75,0.70554,80,0.168,2,75,0.472,80,0.528,1,80,1,1,80,1,1,80,1,1,80,1,2,80,0.552,81,0.448,2,80,0.552,81,0.448,2,80,0.552,81,0.448,2,80,0.552,81,0.448,2,76,0.216,81,0.784,2,76,0.216,81,0.784,2,76,0.16,81,0.84,1,81,1,1,81,1,2,76,0.16,81,0.84,2,76,0.216,81,0.784,2,76,0.496,81,0.504,3,66,0.11635,76,0.69165,81,0.192,2,66,0.512,76,0.488,3,53,0.13517,66,0.63283,76,0.232,2,53,0.496,66,0.504,3,42,0.15014,53,0.66586,66,0.184,2,42,0.512,53,0.488,3,38,0.12646,42,0.70554,53,0.168,2,38,0.52,42,0.48,2,38,0.744,42,0.256,1,38,1,1,29,1,1,29,1,1,29,1,1,29,1,1,36,1,2,38,0.52,42,0.48,2,41,0.52,42,0.48,2,36,0.528,41,0.472,2,38,0.744,42,0.256,2,36,0.472,38,0.528,2,36,0.856,41,0.144,1,29,1,2,42,0.512,53,0.488,3,38,0.12646,42,0.70554,53,0.168,2,64,0.528,53,0.472,2,41,0.512,64,0.488,3,36,0.15053,41,0.63347,64,0.216,2,41,0.52,42,0.48,2,53,0.496,66,0.504,3,42,0.15014,53,0.66586,66,0.184,2,67,0.512,66,0.488,2,64,0.504,67,0.496,3,41,0.12646,64,0.70554,67,0.168,2,64,0.528,53,0.472,2,66,0.512,76,0.488,3,53,0.13517,66,0.63283,76,0.232,2,75,0.544,76,0.456,2,67,0.528,75,0.472,3,64,0.15014,67,0.66586,75,0.184,2,67,0.512,66,0.488,2,76,0.496,81,0.504,2,80,0.552,81,0.448,2,75,0.472,80,0.528,3,66,0.11635,76,0.69165,81,0.192,2,75,0.544,76,0.456,3,67,0.12646,75,0.70554,80,0.168],"slotPose":[1,0,0,1,0,0],"bonePose":[29,-0.453679,-0.891165,0.891165,-0.453679,-67.998737,-211.616454,36,0.2448,0.969574,-0.969574,0.2448,-104.837075,-283.993182,41,0.150571,0.988599,-0.988599,0.150571,-92.944899,-236.89207,64,0.000175,1,-1,0.000175,-86.537453,-194.822822,67,0.111816,0.993729,-0.993729,0.111816,-86.529552,-149.551823,75,0.36016,0.932891,-0.932891,0.36016,-81.949979,-108.852262,80,0.489687,0.871898,-0.871898,0.489687,-71.886686,-82.786177,81,-0.144356,0.989526,-0.989526,-0.144356,-125.889209,-56.716192,76,0.222059,0.975033,-0.975033,0.222059,-133.659181,-93.757604,66,0.203813,0.97901,-0.97901,0.203813,-142.798669,-137.658954,53,0.02007,0.999799,-0.999799,0.02007,-143.70746,-182.931034,42,-0.23616,0.971714,-0.971714,-0.23616,-132.273561,-231.863499,38,-0.246661,0.969102,-0.969102,-0.246661,-119.469945,-282.167446],"edges":[31,30,30,29,29,28,28,27,27,26,26,25,25,24,24,23,23,22,22,21,21,20,20,19,19,18,18,17,17,16,16,15,15,14,14,13,13,12,12,11,11,10,10,9,9,8,8,7,7,6,6,5,5,4,4,3,3,2,2,1,1,0,0,41,41,40,40,39,39,38,38,37,37,36,36,35,35,34,34,33,33,32,32,31],"userEdges":[42,1,42,37,35,43,43,44,44,45,45,3,42,46,46,43,36,46,42,47,47,44,46,47,42,48,48,45,47,48,48,2,42,49,49,40,0,49,49,38,33,50,50,51,51,43,51,34,50,52,52,53,53,5,45,54,54,4,54,53,44,55,55,52,51,55,55,54,31,56,56,57,57,50,57,32,56,58,58,59,59,7,53,60,60,6,60,59,52,61,61,58,60,61,61,57,29,62,62,63,63,56,30,63,62,64,64,65,65,9,59,66,66,8,66,65,58,67,67,66,63,67,67,64,27,68,68,69,69,70,70,11,62,71,71,68,28,71,64,72,72,69,71,72,65,73,73,70,72,73,73,10,68,21,21,26,22,25,19,69,16,19,15,12,70,15]}]},{"name":"ci7","display":[{"name":"ci3","transform":{"x":69.25,"y":-0.39,"skX":22.76,"skY":22.76,"scX":-1}}]}]}],"animation":[{"duration":59,"name":"stand","bone":[{"name":"root","translateFrame":[{"duration":59,"x":0.23}]},{"name":"bone1","translateFrame":[{"duration":3},{"duration":5,"tweenEasing":0},{"duration":2,"tweenEasing":0,"y":-26.69},{"duration":5,"tweenEasing":0,"y":-10.81},{"duration":44}],"scaleFrame":[{"duration":3,"x":0,"y":0},{"duration":5,"tweenEasing":0,"x":0,"y":0},{"duration":2,"tweenEasing":0,"x":1.06,"y":1.06},{"duration":49}]},{"name":"bone2","translateFrame":[{"duration":3,"x":0.77,"y":-122.1},{"duration":5,"tweenEasing":0,"x":0.77,"y":-122.1},{"duration":2,"tweenEasing":0,"x":0.77,"y":-148.79},{"duration":5,"tweenEasing":0,"x":0.77,"y":-132.91},{"tweenEasing":0,"y":2.03},{"duration":43}],"scaleFrame":[{"duration":3,"x":0,"y":0},{"duration":5,"tweenEasing":0,"x":0,"y":0},{"duration":2,"tweenEasing":0,"x":1.06,"y":1.06},{"duration":49}]},{"name":"bone3","translateFrame":[{"duration":3,"y":-241.94},{"duration":5,"tweenEasing":0,"y":-241.94},{"duration":2,"tweenEasing":0,"y":-268.63},{"duration":5,"tweenEasing":0,"y":-254.8},{"duration":4,"tweenEasing":0,"y":-117.47},{"tweenEasing":0,"y":11.03},{"duration":39}],"scaleFrame":[{"duration":3,"x":0,"y":0},{"duration":5,"tweenEasing":0,"x":0,"y":0},{"duration":2,"tweenEasing":0,"x":1.05,"y":1.05},{"duration":49}]},{"name":"bone4","translateFrame":[{"duration":8,"y":-415.47},{"duration":2,"tweenEasing":0,"y":-415.47},{"duration":9,"tweenEasing":0,"y":-388.44},{"duration":2,"tweenEasing":0,"y":-137.39},{"duration":4,"tweenEasing":0,"y":-63.3},{"duration":2,"tweenEasing":0,"y":10.78},{"duration":32}],"scaleFrame":[{"duration":3,"x":0,"y":0},{"duration":5,"tweenEasing":0,"x":0,"y":0},{"duration":2,"tweenEasing":0,"x":1.11,"y":1.11},{"duration":49}]},{"name":"bone5","scaleFrame":[{"duration":3,"x":0,"y":0},{"duration":4,"tweenEasing":0,"x":0,"y":0},{"duration":52}]},{"name":"bone6","scaleFrame":[{"duration":3,"x":0,"y":0},{"duration":4,"tweenEasing":0,"x":0,"y":0},{"duration":52}]},{"name":"bone7","translateFrame":[{"duration":7,"x":0.58,"y":28.9},{"duration":5,"tweenEasing":0,"x":0.58,"y":28.9},{"duration":5,"tweenEasing":0,"x":-0.14,"y":-6.15},{"duration":42}],"rotateFrame":[{"duration":7,"rotate":0.18},{"duration":5,"tweenEasing":0,"rotate":0.18},{"duration":47}]},{"name":"bone8","translateFrame":[{"duration":7,"tweenEasing":0},{"duration":6,"tweenEasing":0},{"duration":4,"tweenEasing":0,"x":3.45,"y":0.71},{"duration":42}],"rotateFrame":[{"duration":7,"tweenEasing":0},{"duration":6,"tweenEasing":0,"rotate":0.28},{"duration":4,"tweenEasing":0,"rotate":-0.84},{"duration":42}]},{"name":"bone9","translateFrame":[{"duration":7,"tweenEasing":0},{"duration":5,"tweenEasing":0,"x":-3.74,"y":0.55},{"duration":5,"tweenEasing":0,"x":-0.82,"y":-1.09},{"duration":42}],"rotateFrame":[{"duration":7,"tweenEasing":0},{"duration":5,"tweenEasing":0,"rotate":5.3},{"duration":5,"tweenEasing":0,"rotate":-3.83},{"duration":42}]},{"name":"bone11","translateFrame":[{"duration":7,"tweenEasing":0},{"duration":5,"tweenEasing":0,"x":-7.45,"y":-0.76},{"duration":5,"tweenEasing":0,"x":-14.62,"y":-0.57},{"duration":42}],"rotateFrame":[{"duration":7,"tweenEasing":0},{"duration":5,"tweenEasing":0,"rotate":-2.95},{"duration":5,"tweenEasing":0,"rotate":11},{"duration":42}]},{"name":"bone13","rotateFrame":[{"duration":7,"tweenEasing":0},{"duration":6,"tweenEasing":0,"rotate":-10.14},{"duration":8,"tweenEasing":0,"rotate":-21.67},{"duration":16,"tweenEasing":0,"rotate":14.16},{"duration":14,"tweenEasing":0,"rotate":3.91},{"duration":8}]},{"name":"bone14","rotateFrame":[{"duration":7,"tweenEasing":0},{"duration":7,"tweenEasing":0,"rotate":101.49},{"duration":7,"tweenEasing":0,"rotate":-11.53},{"duration":4,"tweenEasing":0,"rotate":-4.36},{"duration":26,"tweenEasing":0,"rotate":-2.31},{"duration":8,"rotate":-4}]},{"name":"bone15","rotateFrame":[{"duration":7,"tweenEasing":0},{"duration":8,"tweenEasing":0,"rotate":72.77},{"duration":6,"tweenEasing":0,"rotate":-10.31},{"duration":6,"tweenEasing":0,"rotate":1.09},{"duration":24,"tweenEasing":0,"rotate":6.79},{"duration":8,"rotate":-1.26}]},{"name":"bone16","rotateFrame":[{"duration":7,"tweenEasing":0},{"duration":10,"tweenEasing":0,"rotate":57.24},{"duration":4,"tweenEasing":0,"rotate":-7.38},{"duration":8,"tweenEasing":0,"rotate":6.65},{"duration":22,"tweenEasing":0,"rotate":20.67},{"duration":8,"rotate":16.1}]},{"name":"bone17","rotateFrame":[{"duration":7,"tweenEasing":0},{"duration":14,"tweenEasing":0,"rotate":30.37},{"duration":26,"tweenEasing":0,"rotate":-22.8},{"duration":4,"tweenEasing":0,"rotate":3.76},{"duration":8,"rotate":12.58}]},{"name":"bone18","rotateFrame":[{"duration":7,"tweenEasing":0},{"duration":14,"tweenEasing":0,"rotate":10.5},{"duration":4,"tweenEasing":0,"rotate":-30.52},{"duration":26,"tweenEasing":0,"rotate":-36.38},{"duration":8,"rotate":-23.37}]},{"name":"bone19","rotateFrame":[{"duration":7,"tweenEasing":0},{"duration":14,"tweenEasing":0,"rotate":-4.27},{"duration":8,"tweenEasing":0,"rotate":-31.43},{"duration":22,"tweenEasing":0,"rotate":-39.19},{"duration":8,"rotate":-12.96}]},{"name":"bone20","translateFrame":[{"duration":8,"tweenEasing":0},{"duration":4,"x":11.64,"y":18.51},{"duration":7,"tweenEasing":0,"x":11.64,"y":18.51},{"duration":2,"tweenEasing":0,"x":8.73,"y":13.88},{"duration":2,"tweenEasing":0,"x":2.91,"y":4.63},{"duration":36}],"rotateFrame":[{"duration":8,"tweenEasing":0},{"duration":4,"rotate":-12.24},{"duration":7,"tweenEasing":0,"rotate":-12.24},{"duration":2,"tweenEasing":0,"rotate":-11.13},{"duration":2,"tweenEasing":0,"rotate":-3.02},{"duration":14,"tweenEasing":0,"rotate":1.04},{"duration":22}]},{"name":"bone21","rotateFrame":[{"duration":8,"tweenEasing":0,"rotate":-42.91},{"duration":4,"tweenEasing":0,"rotate":-42.91},{"duration":7,"tweenEasing":0,"rotate":-43.36},{"duration":2,"tweenEasing":0,"rotate":-44.71},{"duration":2,"tweenEasing":0,"rotate":-14.21},{"duration":2,"tweenEasing":0,"rotate":1.04},{"duration":26,"tweenEasing":0,"rotate":40.95},{"duration":8,"rotate":43.5}]},{"name":"bone22","rotateFrame":[{"duration":8,"tweenEasing":0,"rotate":-34.36},{"duration":4,"rotate":-0.65},{"duration":7,"tweenEasing":0,"rotate":-0.65},{"duration":2,"tweenEasing":0,"rotate":-3.47},{"duration":2,"tweenEasing":0,"rotate":-16.03},{"duration":2,"tweenEasing":0,"rotate":-22.31},{"duration":26,"tweenEasing":0,"rotate":-6.63},{"duration":8,"rotate":-10.62}]},{"name":"bone23","rotateFrame":[{"duration":8,"tweenEasing":0,"rotate":-45.39},{"duration":4,"rotate":-1.15},{"duration":7,"tweenEasing":0,"rotate":-1.15},{"duration":2,"tweenEasing":0,"rotate":-1.59},{"duration":2,"tweenEasing":0,"rotate":-15.92},{"duration":2,"tweenEasing":0,"rotate":-23.08},{"duration":26,"tweenEasing":0,"rotate":-8.59},{"duration":8,"rotate":-10.62}]},{"name":"bone24","rotateFrame":[{"duration":8,"tweenEasing":0,"rotate":-6.89},{"duration":4,"rotate":9.68},{"duration":7,"tweenEasing":0,"rotate":9.68},{"duration":2,"tweenEasing":0,"rotate":10},{"duration":2,"tweenEasing":0,"rotate":4.03},{"duration":2,"tweenEasing":0,"rotate":1.04},{"duration":26,"tweenEasing":0,"rotate":-5.54},{"duration":8}]},{"name":"bone25","rotateFrame":[{"duration":8,"tweenEasing":0,"rotate":-5.55},{"duration":4,"rotate":17.99},{"duration":7,"tweenEasing":0,"rotate":17.99},{"duration":2,"tweenEasing":0,"rotate":17.82},{"duration":2,"tweenEasing":0,"rotate":6.64},{"duration":2,"tweenEasing":0,"rotate":1.04},{"duration":26,"tweenEasing":0,"rotate":6.23},{"duration":8}]},{"name":"bone26","rotateFrame":[{"duration":8,"tweenEasing":0,"rotate":-12.78},{"duration":4,"rotate":21.42},{"duration":7,"tweenEasing":0,"rotate":21.42},{"duration":2,"tweenEasing":0,"rotate":20.25},{"duration":2,"tweenEasing":0,"rotate":-1.68},{"duration":2,"tweenEasing":0,"rotate":-12.65},{"duration":34}]},{"name":"bone27","rotateFrame":[{"duration":8,"tweenEasing":0,"rotate":-23.56},{"duration":4,"tweenEasing":0,"rotate":-3.11},{"duration":7,"tweenEasing":0,"rotate":-4.3},{"duration":2,"tweenEasing":0,"rotate":-4.87},{"duration":4,"tweenEasing":0,"rotate":-2.82},{"duration":26,"tweenEasing":0,"rotate":-0.78},{"duration":8,"rotate":1.77}]},{"name":"bone28","rotateFrame":[{"duration":8,"tweenEasing":0,"rotate":-29.99},{"duration":4,"rotate":1.22},{"duration":7,"tweenEasing":0,"rotate":1.22},{"duration":2,"tweenEasing":0,"rotate":-2.41},{"duration":2,"tweenEasing":0,"rotate":-2.35},{"duration":2,"tweenEasing":0,"rotate":-2.32},{"duration":26,"tweenEasing":0,"rotate":6.77},{"duration":8}]},{"name":"bone29","rotateFrame":[{"duration":8,"tweenEasing":0,"rotate":-21.76},{"duration":4,"tweenEasing":0,"rotate":12.78},{"duration":7,"tweenEasing":0,"rotate":11.94},{"duration":2,"tweenEasing":0,"rotate":10.22},{"duration":2,"tweenEasing":0,"rotate":4.1},{"duration":2,"tweenEasing":0,"rotate":1.04},{"duration":26,"tweenEasing":0,"rotate":9.26},{"duration":8}]},{"name":"bone30","rotateFrame":[{"duration":8,"tweenEasing":0,"rotate":-9.17},{"duration":4,"tweenEasing":0,"rotate":9.74},{"duration":7,"tweenEasing":0,"rotate":8.91},{"duration":2,"tweenEasing":0,"rotate":5.57},{"duration":2,"tweenEasing":0,"rotate":-1.47},{"duration":2,"tweenEasing":0,"rotate":-5},{"duration":26,"tweenEasing":0,"rotate":-2.66},{"duration":8}]},{"name":"bone31","rotateFrame":[{"duration":8,"tweenEasing":0,"rotate":-7.05},{"duration":4,"rotate":-0.87},{"duration":7,"tweenEasing":0,"rotate":-0.87},{"duration":2,"tweenEasing":0,"rotate":-3.34},{"duration":2,"tweenEasing":0,"rotate":-12.3},{"duration":2,"tweenEasing":0,"rotate":-16.77},{"duration":26,"tweenEasing":0,"rotate":-6.13},{"duration":8}]},{"name":"bone32","rotateFrame":[{"duration":8,"tweenEasing":0,"rotate":-55.3},{"duration":4,"rotate":-24.85},{"duration":7,"tweenEasing":0,"rotate":-24.85},{"duration":2,"tweenEasing":0,"rotate":-27.7},{"duration":2,"tweenEasing":0,"rotate":-27.05},{"duration":2,"tweenEasing":0,"rotate":-26.73},{"duration":26,"tweenEasing":0,"rotate":-27.29},{"duration":8}]},{"name":"bone47","scaleFrame":[{"duration":5,"tweenEasing":0,"x":0,"y":0},{"duration":54}]},{"name":"bone48","translateFrame":[{"duration":9,"y":134.89},{"duration":3,"tweenEasing":0,"y":134.89},{"duration":5,"tweenEasing":0,"y":-14.15},{"duration":42}],"scaleFrame":[{"duration":6,"x":0,"y":0},{"duration":3,"tweenEasing":0,"x":0,"y":0},{"duration":50}]},{"name":"bone49","translateFrame":[{"duration":9,"x":170.43,"y":155.65},{"duration":3,"tweenEasing":0,"x":170.43,"y":155.65},{"duration":3,"tweenEasing":0,"x":135.28,"y":123.55},{"duration":5,"tweenEasing":0,"x":-7.61,"y":-6.95},{"duration":39}],"scaleFrame":[{"duration":9,"x":0,"y":0},{"duration":3,"tweenEasing":0,"x":0,"y":0},{"duration":47}]},{"name":"bone50","translateFrame":[{"duration":9,"x":-160.66,"y":150.11},{"duration":3,"tweenEasing":0,"x":-160.66,"y":150.11},{"duration":3,"tweenEasing":0,"x":-134.16,"y":125.35},{"duration":5,"tweenEasing":0,"x":6.92,"y":-6.47},{"duration":39}],"scaleFrame":[{"duration":9,"x":0,"y":0},{"duration":3,"tweenEasing":0,"x":0,"y":0},{"duration":47}]},{"name":"bone51","translateFrame":[{"duration":12,"tweenEasing":0,"x":297.32,"y":125.51},{"duration":3,"tweenEasing":0,"x":193.27,"y":72.74},{"duration":3,"tweenEasing":0,"x":194.81,"y":76.6},{"duration":3,"tweenEasing":0,"x":-11.45,"y":-4.83},{"duration":4,"tweenEasing":0,"x":-4.58,"y":-1.93},{"duration":34}],"scaleFrame":[{"duration":12,"tweenEasing":0,"x":0,"y":0},{"duration":3,"tweenEasing":0,"x":0,"y":0},{"duration":44}]},{"name":"bone52","translateFrame":[{"duration":12,"tweenEasing":0,"x":-292.25,"y":122.61},{"duration":3,"tweenEasing":0,"x":-206.3,"y":87.93},{"duration":3,"tweenEasing":0,"x":-211.29,"y":84.43},{"duration":3,"tweenEasing":0,"x":5.93,"y":-2.49},{"duration":4,"tweenEasing":0,"x":2.37,"y":-1},{"duration":34}],"scaleFrame":[{"duration":12,"tweenEasing":0,"x":0,"y":0},{"duration":3,"tweenEasing":0,"x":0,"y":0},{"duration":44}]},{"name":"bone53","translateFrame":[{"duration":15,"tweenEasing":0,"x":315.04,"y":-92.17},{"duration":3,"tweenEasing":0,"x":204.57,"y":-26.76},{"duration":3,"tweenEasing":0,"x":200.52,"y":-40.9},{"duration":10,"tweenEasing":0,"x":-8.6,"y":2.52},{"duration":28}],"scaleFrame":[{"duration":15,"tweenEasing":0,"x":0,"y":0},{"duration":3,"tweenEasing":0,"x":0,"y":0},{"duration":41}]},{"name":"bone54","translateFrame":[{"duration":15,"tweenEasing":0,"x":-334.01,"y":-99.18},{"duration":3,"tweenEasing":0,"x":-222.09,"y":-46.86},{"duration":3,"tweenEasing":0,"x":-199.5,"y":-32.02},{"duration":10,"tweenEasing":0,"x":10.14,"y":3.01},{"duration":28}],"scaleFrame":[{"duration":15,"tweenEasing":0,"x":0,"y":0},{"duration":3,"tweenEasing":0,"x":0,"y":0},{"duration":41}]},{"name":"bone55","translateFrame":[{"duration":18,"tweenEasing":0,"x":250.95,"y":-138.5},{"duration":3,"tweenEasing":0,"x":180.15,"y":-74.92},{"duration":18,"tweenEasing":0,"x":115.76,"y":-54.59},{"duration":12,"tweenEasing":0,"x":-9.94,"y":5.49},{"duration":8}],"scaleFrame":[{"duration":18,"tweenEasing":0,"x":0,"y":0},{"duration":3,"tweenEasing":0,"x":0,"y":0},{"duration":38}]},{"name":"bone56","translateFrame":[{"duration":18,"tweenEasing":0,"x":-323.81,"y":-189.81},{"duration":3,"tweenEasing":0,"x":-203.87,"y":-104.55},{"duration":18,"tweenEasing":0,"x":-113.85,"y":-62.39},{"duration":12,"tweenEasing":0,"x":5.55,"y":3.25},{"duration":8}],"scaleFrame":[{"duration":18,"tweenEasing":0,"x":0,"y":0},{"duration":3,"tweenEasing":0,"x":0,"y":0},{"duration":38}]},{"name":"bone68","rotateFrame":[{"duration":21,"tweenEasing":0},{"duration":4,"tweenEasing":0,"rotate":3.13},{"duration":6,"tweenEasing":0,"rotate":3.43},{"duration":12,"tweenEasing":0,"rotate":-2.11},{"duration":16}]},{"name":"bone57","rotateFrame":[{"duration":21,"tweenEasing":0},{"duration":4,"tweenEasing":0,"rotate":-0.7},{"duration":6,"tweenEasing":0,"rotate":-0.76},{"duration":12,"tweenEasing":0,"rotate":7.45},{"duration":16}]},{"name":"bone58","rotateFrame":[{"duration":21,"tweenEasing":0},{"duration":4,"tweenEasing":0,"rotate":-3.01},{"duration":4,"tweenEasing":0,"rotate":-3.3},{"duration":14,"tweenEasing":0,"rotate":-6.54},{"duration":16}]},{"name":"bone59","rotateFrame":[{"duration":21,"tweenEasing":0},{"duration":4,"tweenEasing":0,"rotate":-73.31},{"duration":6,"tweenEasing":0,"rotate":-80.29},{"duration":12,"tweenEasing":0,"rotate":18.54},{"duration":16}]},{"name":"bone60","rotateFrame":[{"duration":21,"tweenEasing":0},{"duration":4,"tweenEasing":0,"rotate":-7.37},{"duration":6,"tweenEasing":0,"rotate":-8.07},{"duration":12,"tweenEasing":0,"rotate":8.22},{"duration":16}]},{"name":"bone65","rotateFrame":[{"duration":21,"tweenEasing":0},{"duration":4,"tweenEasing":0,"rotate":5.59},{"duration":8,"tweenEasing":0,"rotate":6.13},{"duration":10,"tweenEasing":0,"rotate":11.8},{"duration":16}]},{"name":"bone61","rotateFrame":[{"duration":21,"tweenEasing":0},{"duration":4,"tweenEasing":0,"rotate":-45.8},{"duration":6,"tweenEasing":0,"rotate":-50.16},{"duration":12,"tweenEasing":0,"rotate":15.38},{"duration":16}]},{"name":"bone62","rotateFrame":[{"duration":21,"tweenEasing":0},{"duration":4,"tweenEasing":0,"rotate":12.78},{"duration":4,"tweenEasing":0,"rotate":13.99},{"duration":4,"tweenEasing":0,"rotate":-4.93},{"duration":10,"tweenEasing":0,"rotate":20.86},{"duration":16}]},{"name":"bone63","rotateFrame":[{"duration":21,"tweenEasing":0},{"duration":4,"tweenEasing":0,"rotate":-31.82},{"duration":6,"tweenEasing":0,"rotate":-34.85},{"duration":12,"tweenEasing":0,"rotate":7.35},{"duration":16,"rotate":-4.45}]},{"name":"bone64","rotateFrame":[{"duration":21,"tweenEasing":0},{"duration":4,"tweenEasing":0,"rotate":10.98},{"duration":4,"tweenEasing":0,"rotate":12.02},{"duration":4,"tweenEasing":0,"rotate":-9.67},{"duration":10,"tweenEasing":0,"rotate":8.91},{"duration":16}]},{"name":"bone66","rotateFrame":[{"duration":21,"tweenEasing":0},{"duration":4,"tweenEasing":0,"rotate":-7.89},{"duration":4,"tweenEasing":0,"rotate":-8.64},{"duration":14,"tweenEasing":0,"rotate":31.2},{"duration":16}]},{"name":"bone67","rotateFrame":[{"duration":21,"tweenEasing":0},{"duration":4,"tweenEasing":0,"rotate":-10.7},{"duration":6,"tweenEasing":0,"rotate":-11.72},{"duration":12,"tweenEasing":0,"rotate":26.15},{"duration":16}]},{"name":"bone78","rotateFrame":[{"duration":21,"tweenEasing":0},{"duration":4,"tweenEasing":0,"rotate":-0.85},{"duration":6,"tweenEasing":0,"rotate":-0.93},{"duration":12,"tweenEasing":0,"rotate":28.07},{"duration":16}]},{"name":"bone77","rotateFrame":[{"duration":21,"tweenEasing":0},{"duration":4,"tweenEasing":0,"rotate":-29.53},{"duration":4,"tweenEasing":0,"rotate":-32.35},{"duration":14,"tweenEasing":0,"rotate":22.01},{"duration":16}]},{"name":"bone76","rotateFrame":[{"duration":21,"tweenEasing":0},{"duration":4,"tweenEasing":0,"rotate":10.43},{"duration":4,"tweenEasing":0,"rotate":11.42},{"duration":4,"tweenEasing":0,"rotate":-8.98},{"duration":10,"tweenEasing":0,"rotate":15.86},{"duration":16}]},{"name":"bone75","rotateFrame":[{"duration":21,"tweenEasing":0},{"duration":4,"tweenEasing":0,"rotate":-30.84},{"duration":6,"tweenEasing":0,"rotate":-33.78},{"duration":12,"tweenEasing":0,"rotate":8.47},{"duration":16,"rotate":-4.49}]},{"name":"bone74","rotateFrame":[{"duration":21,"tweenEasing":0},{"duration":4,"tweenEasing":0,"rotate":9.75},{"duration":4,"tweenEasing":0,"rotate":10.67},{"duration":4,"tweenEasing":0,"rotate":-3.61},{"duration":10,"tweenEasing":0,"rotate":24.43},{"duration":16}]},{"name":"bone73","rotateFrame":[{"duration":21,"tweenEasing":0},{"duration":4,"tweenEasing":0,"rotate":-47.23},{"duration":6,"tweenEasing":0,"rotate":-51.73},{"duration":12,"tweenEasing":0,"rotate":13.63},{"duration":16}]},{"name":"bone72","rotateFrame":[{"duration":21,"tweenEasing":0},{"duration":4,"tweenEasing":0,"rotate":0.26},{"duration":8,"tweenEasing":0,"rotate":0.28},{"duration":10,"tweenEasing":0,"rotate":12.67},{"duration":16}]},{"name":"bone71","rotateFrame":[{"duration":21,"tweenEasing":0},{"duration":4,"tweenEasing":0,"rotate":3.1},{"duration":6,"tweenEasing":0,"rotate":3.39},{"duration":12,"tweenEasing":0,"rotate":12},{"duration":16}]},{"name":"bone70","rotateFrame":[{"duration":21,"tweenEasing":0},{"duration":4,"tweenEasing":0,"rotate":-80.05},{"duration":6,"tweenEasing":0,"rotate":-87.67},{"duration":12,"tweenEasing":0,"rotate":19.9},{"duration":16}]},{"name":"bone69","rotateFrame":[{"duration":21,"tweenEasing":0},{"duration":4,"tweenEasing":0,"rotate":-3.33},{"duration":4,"tweenEasing":0,"rotate":-3.65},{"duration":14,"tweenEasing":0,"rotate":0.37},{"duration":16}]},{"name":"bone79","rotateFrame":[{"duration":8,"tweenEasing":0},{"duration":4,"rotate":-12.24},{"duration":7,"tweenEasing":0,"rotate":-12.24},{"duration":2,"tweenEasing":0,"rotate":-11.13},{"duration":2,"tweenEasing":0,"rotate":-3.02},{"duration":14,"tweenEasing":0,"rotate":1.04},{"duration":22}]},{"name":"bone85","rotateFrame":[{"duration":8,"tweenEasing":0,"rotate":-12.78},{"duration":4,"rotate":21.42},{"duration":7,"tweenEasing":0,"rotate":21.42},{"duration":2,"tweenEasing":0,"rotate":20.25},{"duration":2,"tweenEasing":0,"rotate":-1.68},{"duration":2,"tweenEasing":0,"rotate":-12.65},{"duration":34}]},{"name":"bone84","rotateFrame":[{"duration":8,"tweenEasing":0,"rotate":-5.55},{"duration":4,"rotate":17.99},{"duration":7,"tweenEasing":0,"rotate":17.99},{"duration":2,"tweenEasing":0,"rotate":17.82},{"duration":2,"tweenEasing":0,"rotate":6.64},{"duration":2,"tweenEasing":0,"rotate":1.04},{"duration":26,"tweenEasing":0,"rotate":6.23},{"duration":8}]},{"name":"bone83","rotateFrame":[{"duration":8,"tweenEasing":0,"rotate":-6.89},{"duration":4,"rotate":9.68},{"duration":7,"tweenEasing":0,"rotate":9.68},{"duration":2,"tweenEasing":0,"rotate":10},{"duration":2,"tweenEasing":0,"rotate":4.03},{"duration":2,"tweenEasing":0,"rotate":1.04},{"duration":26,"tweenEasing":0,"rotate":-5.54},{"duration":8}]},{"name":"bone82","rotateFrame":[{"duration":8,"tweenEasing":0,"rotate":-45.39},{"duration":4,"rotate":-1.15},{"duration":7,"tweenEasing":0,"rotate":-1.15},{"duration":2,"tweenEasing":0,"rotate":-1.59},{"duration":2,"tweenEasing":0,"rotate":-15.92},{"duration":2,"tweenEasing":0,"rotate":-23.08},{"duration":26,"tweenEasing":0,"rotate":-8.59},{"duration":8,"rotate":-10.62}]},{"name":"bone81","rotateFrame":[{"duration":8,"tweenEasing":0,"rotate":-34.36},{"duration":4,"rotate":-0.65},{"duration":7,"tweenEasing":0,"rotate":-0.65},{"duration":2,"tweenEasing":0,"rotate":-3.47},{"duration":2,"tweenEasing":0,"rotate":-16.03},{"duration":2,"tweenEasing":0,"rotate":-22.31},{"duration":26,"tweenEasing":0,"rotate":-6.63},{"duration":8,"rotate":-10.62}]},{"name":"bone80","rotateFrame":[{"duration":8,"tweenEasing":0,"rotate":-42.91},{"duration":4,"tweenEasing":0,"rotate":-78.57},{"duration":7,"tweenEasing":0,"rotate":-77.01},{"duration":2,"tweenEasing":0,"rotate":-76.62},{"duration":2,"tweenEasing":0,"rotate":-24.85},{"duration":2,"tweenEasing":0,"rotate":1.04},{"duration":26,"tweenEasing":0,"rotate":40.95},{"duration":8,"rotate":43.5}]},{"name":"bone91","rotateFrame":[{"duration":8,"tweenEasing":0,"rotate":-55.3},{"duration":4,"rotate":-24.85},{"duration":7,"tweenEasing":0,"rotate":-24.85},{"duration":2,"tweenEasing":0,"rotate":-27.7},{"duration":2,"tweenEasing":0,"rotate":-27.05},{"duration":2,"tweenEasing":0,"rotate":-26.73},{"duration":26,"tweenEasing":0,"rotate":-27.29},{"duration":8}]},{"name":"bone90","rotateFrame":[{"duration":8,"tweenEasing":0,"rotate":-7.05},{"duration":4,"tweenEasing":0,"rotate":-0.87},{"duration":7,"tweenEasing":0,"rotate":-1.57},{"duration":2,"tweenEasing":0,"rotate":-3.34},{"duration":2,"tweenEasing":0,"rotate":-12.3},{"duration":2,"tweenEasing":0,"rotate":-16.77},{"duration":26,"tweenEasing":0,"rotate":-6.13},{"duration":8}]},{"name":"bone89","rotateFrame":[{"duration":8,"tweenEasing":0,"rotate":-9.17},{"duration":4,"tweenEasing":0,"rotate":9.74},{"duration":7,"tweenEasing":0,"rotate":7.77},{"duration":2,"tweenEasing":0,"rotate":5.57},{"duration":2,"tweenEasing":0,"rotate":-1.47},{"duration":2,"tweenEasing":0,"rotate":-5},{"duration":26,"tweenEasing":0,"rotate":-2.66},{"duration":8}]},{"name":"bone88","rotateFrame":[{"duration":8,"tweenEasing":0,"rotate":-21.76},{"duration":4,"tweenEasing":0,"rotate":14.09},{"duration":7,"tweenEasing":0,"rotate":13.89},{"duration":2,"tweenEasing":0,"rotate":10.22},{"duration":2,"tweenEasing":0,"rotate":4.1},{"duration":2,"tweenEasing":0,"rotate":1.04},{"duration":26,"tweenEasing":0,"rotate":9.26},{"duration":8}]},{"name":"bone87","rotateFrame":[{"duration":8,"tweenEasing":0,"rotate":-29.99},{"duration":4,"rotate":1.22},{"duration":7,"tweenEasing":0,"rotate":1.22},{"duration":2,"tweenEasing":0,"rotate":-5.39},{"duration":2,"tweenEasing":0,"rotate":-3.35},{"duration":2,"tweenEasing":0,"rotate":-2.32},{"duration":26,"tweenEasing":0,"rotate":6.77},{"duration":8}]},{"name":"bone86","rotateFrame":[{"duration":8,"tweenEasing":0,"rotate":-23.56},{"duration":4,"tweenEasing":0,"rotate":-30.11},{"duration":7,"tweenEasing":0,"rotate":-32.44},{"duration":2,"tweenEasing":0,"rotate":-26.86},{"duration":4,"tweenEasing":0,"rotate":-13.82},{"duration":26,"tweenEasing":0,"rotate":-0.78},{"duration":8,"rotate":1.77}]},{"name":"tx3","translateFrame":[{"duration":21,"tweenEasing":0},{"duration":38,"x":-4.02,"y":-291.58}],"scaleFrame":[{"duration":21,"tweenEasing":0},{"duration":38,"x":4.8,"y":4.8}]}],"slot":[{"name":"tx/3/tx_3_01","displayFrame":[{"duration":21,"value":-1},{"duration":2},{"duration":2,"value":1},{"duration":2,"value":2},{"duration":2,"value":3},{"duration":2,"value":4},{"duration":2,"value":5},{"duration":2,"value":6},{"duration":2,"value":7},{"duration":2,"value":8},{"duration":2,"value":9},{"duration":2,"value":10},{"duration":2,"value":11},{"duration":2,"value":12},{"duration":2,"value":13},{"duration":2,"value":14},{"duration":2,"value":15},{"duration":2,"value":16},{"duration":2,"value":17},{"duration":2,"value":18},{"duration":0,"value":-1}]},{"name":"zuochibang1","displayFrame":[{"duration":25},{"duration":34,"value":-1}]},{"name":"zuochibang2","displayFrame":[{"duration":25},{"duration":34,"value":-1}]},{"name":"zuochibang3","displayFrame":[{"duration":25,"value":-1},{"duration":34}]},{"name":"zuochibang4","displayFrame":[{"duration":25,"value":-1},{"duration":34}]},{"name":"zuochibang5","displayFrame":[{"duration":25},{"duration":34,"value":-1}]},{"name":"zuochibang6","displayFrame":[{"duration":25},{"duration":34,"value":-1}]}]}],"defaultActions":[{"gotoAndPlay":"stand"}]}]}