{"width":512,"imagePath":"sishen_tex.png","height":512,"name":"sishen","SubTexture":[{"width":140,"y":1,"height":140,"name":"2/2_06","x":1},{"y":285,"frameWidth":140,"x":397,"frameHeight":140,"width":107,"frameY":-16,"height":115,"name":"2/2_01","frameX":-13},{"y":285,"frameWidth":140,"x":1,"frameHeight":140,"width":139,"frameY":0,"height":140,"name":"2/2_04","frameX":0},{"y":285,"frameWidth":140,"x":278,"frameHeight":140,"width":117,"frameY":-11,"height":124,"name":"2/2_02","frameX":-10},{"y":1,"frameWidth":140,"x":143,"frameHeight":140,"width":105,"frameY":-17,"height":113,"name":"2/2_00","frameX":-13},{"y":285,"frameWidth":140,"x":142,"frameHeight":140,"width":134,"frameY":-5,"height":135,"name":"2/2_03","frameX":0},{"width":140,"y":143,"height":140,"name":"2/2_05","x":1},{"y":411,"frameWidth":140,"x":278,"frameHeight":140,"width":85,"frameY":-42,"height":57,"name":"1/1_04","frameX":-34},{"y":463,"frameWidth":140,"x":365,"frameHeight":140,"width":70,"frameY":-50,"height":48,"name":"1/1_01","frameX":-36},{"y":422,"frameWidth":140,"x":142,"frameHeight":140,"width":83,"frameY":-44,"height":55,"name":"1/1_03","frameX":-33},{"y":402,"frameWidth":140,"x":397,"frameHeight":140,"width":87,"frameY":-40,"height":59,"name":"1/1_05","frameX":-34},{"y":463,"frameWidth":140,"x":437,"frameHeight":140,"width":61,"frameY":-55,"height":42,"name":"1/1_00","frameX":-38},{"y":427,"frameWidth":140,"x":1,"frameHeight":140,"width":78,"frameY":-46,"height":52,"name":"1/1_02","frameX":-35}]}