{
    "rookiePlay":[
        {"type":"LevelLogicAddBoxAndKey", "ps":[["treasureBox1"], ["rookiePlayBox", "rookiePlayBox", "rookiePlayBox"]]}, 
        {"type":"LevelLogicTakeKey"},
        {"type":"LevelLogicMarkAllAward", "ps":["rookiePlayBox"]}
        ],
    "normal":[
        {"type":"LevelLogicAddBoxAndKey", "ps":[["treasureBox1"]]}, 
        {"type":"LevelLogicTakeKey"},
        {"type":"LevelLogicMarkAllAward", "ps":["markAllAward"]}
        ],
    "randomEgg":[
        {"type":"LevelLogicAddBoxAndKey", "ps":[["treasureBox1", "treasureBox2"]]}, 
        {"type":"LevelLogicTakeKey"}, 
        {"type":"LevelLogicChangeMonster", "ps":[["RandomEggZombie"], 5]}
        ],
    "searchBody":[
        {"type":"LevelLogicTakeKey"}
        ],
    "slimeKing":[
        {"type":"LevelLogicAddBoxAndKey", "ps":[["bossBox1", "bossBox2", "bossBox4", "bossBox5"]]}, 
        {"type":"LevelLogicTakeKey"}, 
        {"type":"LevelLogicChangeMonster", "ps":[["RedSlime", "GreenSlime"], 5]},
        {"type":"LevelLogicBoss", "ps":[["SlimeKing"]]}
        ],
    "brainOfCthulhu":[
        {"type":"LevelLogicAddBoxAndKey", "ps":[["bossBox1", "bossBox2", "bossBox4", "bossBox5"]]}, 
        {"type":"LevelLogicTakeKey"}, 
        {"type":"LevelLogicChangeMonster", "ps":[["ReviveZombie"], 5]},
        {"type":"LevelLogicBoss", "ps":[["BrainOfCthulhu"]]}
        ]
}