{
    "treasureBox1": {"num":[1, 2], "elems":{
        "CoinsBig":10
    }},

    "treasureBox2": {"num":[1, 2], "elems":{
        "ShieldDetector":10,
        "KnifeDetector":10,
        "Storer":10,
        "VestDetector":10,
        "ExploreEnhanced":10,
        "TreasureBoxDetector":10,
        "WeaponMaster":10,
        "HorticultureProficient":10,
        "SmellEnhanced":10,
        "Watchmaker":10,
        "BookMaster":10,
        "ShieldProficient":10,
        "PoisonKnife":10,
        "StrikeFirst":10,
        "MedicineBox":10,
        "Power":10,
        "Endurance":10,
        "Fierce":10,
        "TimeMachine":10,
        "Agile":10,
        "ShieldBlock":10,
        "ExpMedal":10,
        "HorticultureMaster":10,
        "TradeMaster":10,
        "KnifeMaster":10,
        "MonsterHunter":10,
        "VestThorns":10,
        "InfinityKnife":10,
        "VestImmune":10,
        "IceGun":92,
        "RayGun":92,
        "HpPotion":138,
        "Bazooka":276,
        "SuperPotion":92,
        "StrengthPotion":92,
        "CandyCannon":92
    }},

    "markAllAward": {"num":[1, 2], "elems":{
        "ShieldDetector":10,
        "KnifeDetector":10,
        "Storer":10,
        "VestDetector":10,
        "ExploreEnhanced":10,
        "TreasureBoxDetector":10,
        "WeaponMaster":10,
        "HorticultureProficient":10,
        "SmellEnhanced":10,
        "Watchmaker":10,
        "BookMaster":10,
        "ShieldProficient":10,
        "PoisonKnife":10,
        "StrikeFirst":10,
        "MedicineBox":10,
        "Power":10,
        "Endurance":10,
        "Fierce":10,
        "TimeMachine":10,
        "Agile":10,
        "ShieldBlock":10,
        "ExpMedal":10,
        "HorticultureMaster":10,
        "TradeMaster":10,
        "KnifeMaster":10,
        "MonsterHunter":10,
        "VestThorns":10,
        "InfinityKnife":10,
        "VestImmune":10,
        "IceGun":92,
        "RayGun":92,
        "HpPotion":138,
        "Bazooka":276,
        "SuperPotion":92,
        "StrengthPotion":92,
        "CandyCannon":92
    }},

    "eliteBonusBox":{"num":[1, 2], "elems":{
        "ShieldDetector":10,
        "KnifeDetector":10,
        "Storer":10,
        "VestDetector":10,
        "ExploreEnhanced":10,
        "TreasureBoxDetector":10,
        "WeaponMaster":10,
        "HorticultureProficient":10,
        "SmellEnhanced":10,
        "Watchmaker":10,
        "BookMaster":10,
        "ShieldProficient":10,
        "PoisonKnife":10,
        "StrikeFirst":10,
        "MedicineBox":10,
        "Power":10,
        "Endurance":10,
        "Fierce":10,
        "TimeMachine":10,
        "Agile":10,
        "ShieldBlock":10,
        "ExpMedal":10,
        "HorticultureMaster":10,
        "TradeMaster":10,
        "KnifeMaster":10,
        "MonsterHunter":10,
        "VestThorns":10,
        "InfinityKnife":10,
        "VestImmune":10
    }},

    "bossBox1": {"num":[1, 2], "elems":{
        "CoinsHuge":5
    }},

    "bossBox2": {"num":[1, 2], "elems":{
        "IceGun":7,
        "RayGun":7,
        "HpPotion":11,
        "Bazooka":22,
        "SuperPotion":7,
        "StrengthPotion":7,
        "CandyCannon":7
    }},

    "bossBox3": {"num":[1, 2], "elems":{
        "ShieldSlam": 10,
        "KnifeProficient": 10,
        "KnifeRange": 10,
        "Unback2Sneak": 10,
        "DefenseProficient": 10,
        "Crucifix": 10
    }},

    "bossBox4": {"num":[1, 2], "elems":{
        "DeluxeMeal":1
    }},

    "bossBox5": {"num":[1, 2], "elems":{        
        "BigBen":1
    }},

    "RandomEgg": {"num":[1, 2], "elems":{
        "ShieldDetector":5,
        "KnifeDetector":5,
        "Storer":5,
        "VestDetector":5,
        "ExploreEnhanced":5,
        "TreasureBoxDetector":5,
        "WeaponMaster":5,
        "HorticultureProficient":5,
        "SmellEnhanced":5,
        "Watchmaker":5,
        "BookMaster":5,
        "ShieldProficient":5,
        "PoisonKnife":5,
        "StrikeFirst":5,
        "MedicineBox":5,
        "Power":5,
        "Endurance":5,
        "Fierce":5,
        "TimeMachine":5,
        "Agile":5,
        "ShieldBlock":5,
        "ExpMedal":5,
        "HorticultureMaster":5,
        "TradeMaster":5,
        "KnifeMaster":5,
        "MonsterHunter":5,
        "VestThorns":5,
        "InfinityKnife":5,
        "VestImmune":5,
        "IceGun":28,
        "RayGun":28,
        "HpPotion":42,
        "Bazooka":84,
        "SuperPotion":28,
        "StrengthPotion":28,
        "CandyCannon":28,
        "Clock":38,
        "Vest":38, 
        "Magazine":38, 
        "Shield":38, 
        "Knife":38, 
        "Baton":38, 
        "Cloak":38, 
        "WantedOrder":38, 
        "EconomyMagazine":38
    }},    

    "MonsterBox": {"num":[1, 2], "elems":{
        "BoxMonster":10
    }},

    "SkeletonKing":{"num":[1, 2], "elems":{
        "HeadBone":10
    }},

    "Bazooka":{"num":[1, 2], "elems":{
        "Bazooka":10
    }},

    "boxRoomRelic":{"num":[1, 2], "elems":{
        "ShieldDetector":10,
        "KnifeDetector":10,
        "Storer":10,
        "VestDetector":10,
        "ExploreEnhanced":10,
        "TreasureBoxDetector":10,
        "WeaponMaster":10,
        "HorticultureProficient":10,
        "SmellEnhanced":10,
        "Watchmaker":10,
        "BookMaster":10,
        "ShieldProficient":10,
        "PoisonKnife":10,
        "StrikeFirst":10,
        "MedicineBox":10,
        "Power":10,
        "Endurance":10,
        "Fierce":10,
        "TimeMachine":10,
        "Agile":10,
        "ShieldBlock":10,
        "ExpMedal":10,
        "HorticultureMaster":10,
        "TradeMaster":10,
        "KnifeMaster":10,
        "MonsterHunter":10,
        "VestThorns":10,
        "InfinityKnife":10,
        "VestImmune":10
    }},

    "boxRoomProp":{"num":[1, 2], "elems":{
        "IceGun":7,
        "RayGun":7,
        "HpPotion":11,
        "Bazooka":22,
        "SuperPotion":7,
        "StrengthPotion":7,
        "CandyCannon":7
    }},

    "ttrdp1":{"num":[1, 2],"elems":{
        "ShieldDetector":10,
        "KnifeDetector":10,
        "Storer":10,
        "VestDetector":10,
        "ExploreEnhanced":10,
        "TreasureBoxDetector":10,
        "WeaponMaster":10,
        "HorticultureProficient":10,
        "SmellEnhanced":10,
        "Watchmaker":10,
        "BookMaster":10,
        "ShieldProficient":10,
        "PoisonKnife":10,
        "StrikeFirst":10,
        "MedicineBox":10,
        "Power":10,
        "Endurance":10,
        "Fierce":10,
        "TimeMachine":10,
        "Agile":10,
        "ShieldBlock":10,
        "ExpMedal":10,
        "HorticultureMaster":10,
        "TradeMaster":10,
        "KnifeMaster":10,
        "MonsterHunter":10,
        "VestThorns":10,
        "InfinityKnife":10,
        "VestImmune":10
    }},

    "ttrdp2":{"num":[1, 2],"elems":{
        "IceGun":7,
        "RayGun":7,
        "HpPotion":11,
        "Bazooka":22,
        "SuperPotion":7,
        "StrengthPotion":7,
        "CandyCannon":7
    }},

    "worldmapeventa91": {"num": [1, 2], "elems": {
        "IceGun":7,
        "RayGun":7,
        "HpPotion":11,
        "Bazooka":22,
        "SuperPotion":7,
        "StrengthPotion":7,
        "CandyCannon":7
    }},
    
    "worldmapeventa92": {"num": [1, 2], "elems": {
        "ShieldDetector":10,
        "KnifeDetector":10,
        "Storer":10,
        "VestDetector":10,
        "ExploreEnhanced":10,
        "TreasureBoxDetector":10,
        "WeaponMaster":10,
        "HorticultureProficient":10,
        "SmellEnhanced":10,
        "Watchmaker":10,
        "BookMaster":10,
        "ShieldProficient":10,
        "PoisonKnife":10,
        "StrikeFirst":10,
        "MedicineBox":10,
        "Power":10,
        "Endurance":10,
        "Fierce":10,
        "TimeMachine":10,
        "Agile":10,
        "ShieldBlock":10,
        "ExpMedal":10,
        "HorticultureMaster":10,
        "TradeMaster":10,
        "KnifeMaster":10,
        "MonsterHunter":10,
        "VestThorns":10,
        "InfinityKnife":10,
        "VestImmune":10
    }},

    "rookiePlayBox": {"num": [1, 2], "elems": {
        "IceGun":7,
        "RayGun":7,
        "HpPotion":11,
        "Bazooka":22,
        "SuperPotion":7,
        "StrengthPotion":7,
        "CandyCannon":7
    }},

    "rookiePlay_1Box": {"num": [1, 2], "elems": {
        "Storer":10
    }}
}
