{
    "price": {
        "Key":5,
        "Clock":5,
        "Magazine":10,
        "EconomyMagazine":10,
        "Shield":15,
        "Apple":10,
        "Steak":20,
        "Baton":15,
        "Vest":15,
        "WantedOrder":10,
        "Cloak":15,
        "Knife":5,
        "HpPotion": 25,
        "SuperPotion": 50,
        "StrengthPotion": 50,
        "IceGun":50,
        "RayGun":50,
        "Bazooka":25,
        "CandyCannon": 25,
        "ShieldDetector": 50,
        "KnifeDetector": 50,
        "Storer": 50,
        "VestDetector": 50,
        "ExploreEnhanced": 50,
        "TreasureBoxDetector": 50,
        "WeaponMaster": 50,
        "HorticultureProficient": 50,
        "SmellEnhanced": 50,
        "Watchmaker": 50,
        "BookMaster": 50,
        "ShieldProficient": 50,
        "PoisonKnife": 50,
        "StrikeFirst": 50,
        "ShieldBlock": 50,
        "ExpMedal": 50,
        "KnifeMaster": 50,
        "MonsterHunter": 50,
        "VestThorns": 50,
        "InfinityKnife": 50,
        "VestImmune": 50,

        "OpenRelicSpace": 1
    },

    "inbattle": {
        "rob": "inShop",
        "price": {
            "Key":10
        },
        "items":[
            {"OpenRelicSpace":10, "Steak":0, "Knife":0, "Apple":0, "Cloak":0},
            {"Key":10},
            {"Apple":10, "Steak":10},
            {"Shield":10, "Baton":10, "Vest":10},
            {"Cloak":10, "Knife":10, "Magazine":10, "EconomyMagazine":10},
            {"Clock":10, "WantedOrder":10, "Apple":10, "Steak":10, "Shield":10, "Baton":10, "Vest":10, "Cloak":10, "Knife":10}
    ]},

    "world1shop": {
        "rob": "inShop",
        "price": {
            "Knife":10
        },
        "items":[
            {"HpPotion":15, "SuperPotion":10, "StrengthPotion":10},
            {"IceGun":10, "CandyCannon":10},
            {"RayGun":10, "Bazooka":10},
            {"ShieldDetector":10, "KnifeDetector":10, "Storer":10, "SmellEnhanced":10, "Watchmaker":10, "ShieldBlock":10, "ExpMedal":10},
            {"VestDetector":10, "ExploreEnhanced":10, "TreasureBoxDetector":10, "BookMaster":10, "ShieldProficient":10, "KnifeMaster":10, "MonsterHunter":10},
            {"WeaponMaster":10, "HorticultureProficient":10, "PoisonKnife":10, "StrikeFirst":10, "VestThorns":10, "InfinityKnife":10, "VestImmune":10}
        ]
    }
}
