{"frameRate":30,"name":"Daoju","version":"5.5","compatibleVersion":"5.5","armature":[{"type":"Armature","frameRate":30,"name":"Daoju","aabb":{"x":-88.44,"y":-81.99,"width":166.94,"height":166.26},"bone":[{"name":"root","transform":{"scX":0.3,"scY":0.3}},{"name":"1","parent":"root","transform":{"x":0.5678,"y":0.023800000000000005}},{"name":"bone2","parent":"1","transform":{"x":30.8414,"y":41.0414,"skX":-0.37,"skY":-0.37}},{"name":"bone4","parent":"1","transform":{"x":25.122600000000002,"y":68.20400000000001}},{"name":"bone5","parent":"1","transform":{"x":-12.2332,"y":8.3606}},{"length":22.1,"name":"bone12","parent":"1","transform":{"x":20.947400000000002,"y":-10.1796,"skX":-91.8,"skY":-91.8}},{"length":22.1,"name":"bone13","parent":"1","transform":{"x":-48.994,"y":-11.400200000000002,"skX":-91.8,"skY":-91.8}},{"length":22.1,"name":"bone14","parent":"1","transform":{"x":44.12520000000001,"y":-23.191399999999998,"skX":-91.8,"skY":-91.8}},{"length":22.1,"name":"bone15","parent":"1","transform":{"x":-14.943000000000001,"y":-18.700000000000003,"skX":-91.8,"skY":-91.8}}],"slot":[{"name":"dushu","parent":"bone4"},{"name":"wenhao1","parent":"bone12"},{"name":"wenhao2","parent":"bone13"},{"name":"wenhao3","parent":"bone14"},{"name":"wenhao4","parent":"bone15"},{"name":"dunpai","parent":"bone2"},{"name":"meihuo","parent":"bone5"}],"skin":[{"slot":[{"name":"wenhao4","display":[{"name":"wenhao1","transform":{"x":10.21,"y":-0.27,"skX":91.8,"skY":91.8}}]},{"name":"wenhao3","display":[{"name":"wenhao1","transform":{"x":10.21,"y":-0.27,"skX":91.8,"skY":91.8}}]},{"name":"dunpai","display":[{"name":"dunpai","transform":{"x":-11.45,"y":-7.09,"skX":0.37,"skY":0.37}}]},{"name":"meihuo","display":[{"name":"meihuo","transform":{"x":-4.91,"y":-4.59}}]},{"name":"wenhao1","display":[{"name":"wenhao1","transform":{"x":10.21,"y":-0.27,"skX":91.8,"skY":91.8}}]},{"name":"dushu","display":[{"name":"dushu","transform":{"x":-9.86,"y":-11.23}}]},{"name":"wenhao2","display":[{"name":"wenhao1","transform":{"x":10.21,"y":-0.27,"skX":91.8,"skY":91.8}}]}]}],"animation":[{"duration":13,"name":"Block","bone":[{"name":"bone2","translateFrame":[{"curve":[0.25,0,0.75,1],"x":0.57,"y":89.71},{"curve":[0.25,0,0.75,1],"x":0.57,"y":23.32},{"curve":[0.25,0,0.75,1],"x":0.57,"y":23.32},{"duration":7,"curve":[0.25,0,0.75,1],"x":0.57,"y":25.71},{"duration":3,"curve":[0.25,0,0.75,1],"x":-0.34,"y":25.79},{"duration":0,"x":0.57,"y":89.71}],"rotateFrame":[{"curve":[0.25,0,0.75,1]},{"curve":[0.25,0,0.75,1]},{"curve":[0.25,0,0.75,1],"rotate":0.81},{"duration":7,"curve":[0.25,0,0.75,1],"rotate":2.2},{"duration":3,"curve":[0.25,0,0.75,1],"rotate":3.72},{"duration":0}]},{"name":"bone4","translateFrame":[{"duration":13,"x":4.02,"y":43.23}]},{"name":"bone12","translateFrame":[{"duration":13,"x":-0.39}]},{"name":"bone13","translateFrame":[{"duration":13,"x":-0.39}]},{"name":"bone14","translateFrame":[{"duration":13,"x":-0.39}]},{"name":"bone15","translateFrame":[{"duration":13,"x":-0.39}]}],"slot":[{"name":"dushu","displayFrame":[{"duration":13,"value":-1}]},{"name":"meihuo","displayFrame":[{"duration":13,"value":-1}]},{"name":"wenhao1","displayFrame":[{"duration":13,"value":-1}]},{"name":"wenhao2","displayFrame":[{"duration":13,"value":-1}]},{"name":"wenhao3","displayFrame":[{"duration":13,"value":-1}]},{"name":"wenhao4","displayFrame":[{"duration":13,"value":-1}]}]},{"duration":30,"name":"Book","bone":[{"name":"bone4","translateFrame":[{"duration":8,"curve":[0.25,0,0.75,1],"x":4.02,"y":43.23},{"duration":15,"curve":[0.25,0,0.75,1],"x":4.02,"y":7.32},{"duration":7,"curve":[0.25,0,0.75,1],"x":4.02,"y":4.12},{"duration":0,"x":4.02,"y":43.23}]},{"name":"bone2","translateFrame":[{"duration":30,"x":0.57,"y":89.71}]},{"name":"bone12","translateFrame":[{"duration":30,"x":-0.39}]},{"name":"bone13","translateFrame":[{"duration":30,"x":-0.39}]},{"name":"bone14","translateFrame":[{"duration":30,"x":-0.39}]},{"name":"bone15","translateFrame":[{"duration":30,"x":-0.39}]}],"slot":[{"name":"dunpai","displayFrame":[{"duration":30,"value":-1}]},{"name":"meihuo","displayFrame":[{"duration":30,"value":-1}]},{"name":"wenhao1","displayFrame":[{"duration":30,"value":-1}]},{"name":"wenhao2","displayFrame":[{"duration":30,"value":-1}]},{"name":"wenhao3","displayFrame":[{"duration":30,"value":-1}]},{"name":"wenhao4","displayFrame":[{"duration":30,"value":-1}]}]},{"duration":64,"name":"Charmed","bone":[{"name":"bone2","translateFrame":[{"duration":64,"x":0.57,"y":89.71}]},{"name":"bone5","translateFrame":[{"duration":64,"x":9.6}],"rotateFrame":[{"duration":8,"tweenEasing":0},{"duration":8,"tweenEasing":0,"rotate":90},{"duration":16,"tweenEasing":0,"rotate":180},{"duration":8,"tweenEasing":0},{"duration":8,"tweenEasing":0,"rotate":90},{"duration":16,"tweenEasing":0,"rotate":180},{"duration":0}]},{"name":"bone4","translateFrame":[{"duration":64,"x":4.02,"y":43.23}]},{"name":"bone12","translateFrame":[{"duration":15,"x":-0.39,"y":17.99},{"duration":20,"tweenEasing":0,"x":-0.39,"y":17.99},{"duration":10,"tweenEasing":0,"x":-0.39,"y":-8.33},{"duration":10,"tweenEasing":0,"x":-0.39,"y":-21.48},{"duration":9,"x":-0.39,"y":17.99}],"scaleFrame":[{"duration":35},{"duration":10,"tweenEasing":0},{"duration":10,"tweenEasing":0,"y":1.16},{"duration":9}]},{"name":"bone13","translateFrame":[{"duration":5,"x":-0.39,"y":17.06},{"duration":30,"tweenEasing":0,"x":-0.39,"y":17.06},{"x":-0.39,"y":-21.51},{"duration":9,"tweenEasing":0,"x":-0.39,"y":-21.51},{"duration":19,"x":-0.39,"y":17.06}],"scaleFrame":[{"duration":5},{"duration":30,"tweenEasing":0},{"x":1.1,"y":1.1},{"duration":9,"tweenEasing":0,"x":1.1,"y":1.1},{"duration":19}]},{"name":"bone14","translateFrame":[{"duration":20,"tweenEasing":0,"x":-0.39,"y":28.76},{"duration":10,"tweenEasing":0,"x":-0.55,"y":5.11},{"duration":15,"tweenEasing":0,"x":-0.63,"y":-6.71},{"duration":19,"x":-0.39,"y":28.76}],"scaleFrame":[{"duration":20,"tweenEasing":0},{"duration":10,"tweenEasing":0},{"duration":15,"tweenEasing":0,"x":1.15,"y":1.15},{"duration":19}]},{"name":"bone15","translateFrame":[{"duration":13,"tweenEasing":0,"x":-0.39,"y":3.86},{"duration":7,"tweenEasing":0,"x":-0.19,"y":-9.54},{"duration":16,"tweenEasing":0,"x":-0.39,"y":-10.23},{"duration":19,"tweenEasing":0,"x":0.35,"y":13.48},{"duration":5,"tweenEasing":0,"x":-0.36,"y":-2.52},{"tweenEasing":0,"x":-0.55,"y":-6.73},{"duration":3,"x":-0.39,"y":3.86}],"scaleFrame":[{"duration":13,"tweenEasing":0},{"duration":7,"tweenEasing":0},{"duration":16,"tweenEasing":0,"x":1.22,"y":1.22},{"duration":19,"tweenEasing":0,"x":1.22,"y":1.22},{"duration":5,"tweenEasing":0,"x":1.2,"y":1.2},{"tweenEasing":0,"x":1.2,"y":1.2},{"duration":3}]}],"slot":[{"name":"dunpai","displayFrame":[{"duration":64,"value":-1}]},{"name":"dushu","displayFrame":[{"duration":64,"value":-1}]},{"name":"wenhao1","displayFrame":[{"duration":15,"value":-1},{"duration":49},{"duration":0,"value":-1}],"colorFrame":[{"duration":15,"tweenEasing":0,"value":{"aM":0}},{"duration":20,"tweenEasing":0},{"duration":10,"tweenEasing":0},{"duration":19,"value":{"aM":0}}]},{"name":"wenhao2","displayFrame":[{"duration":5,"value":-1},{"duration":40},{"duration":19,"value":-1}],"colorFrame":[{"duration":5,"tweenEasing":0,"value":{"aM":0}},{"duration":20,"tweenEasing":0},{"duration":10,"tweenEasing":0},{"duration":29,"value":{"aM":0}}]},{"name":"wenhao3","displayFrame":[{"value":-1},{"duration":63},{"duration":0,"value":-1}],"colorFrame":[{"tweenEasing":0,"value":{"aM":0}},{"duration":19,"tweenEasing":0},{"duration":10,"tweenEasing":0},{"duration":34,"value":{"aM":0}}]},{"name":"wenhao4","displayFrame":[{"value":-1},{"duration":35},{"value":-1},{"duration":27},{"duration":0,"value":-1}],"colorFrame":[{"tweenEasing":0,"value":{"aM":0}},{"duration":12,"tweenEasing":0},{"duration":7,"tweenEasing":0},{"duration":16,"tweenEasing":0,"value":{"aM":0}},{"tweenEasing":0,"value":{"aM":0}},{"duration":18,"tweenEasing":0},{"duration":5,"tweenEasing":0},{"duration":4,"value":{"aM":0}}]}]}],"defaultActions":[{"gotoAndPlay":"Block"}]}]}