{"width":256,"SubTexture":[{"width":160,"y":137,"height":141,"name":"hushimeimei_beijing","x":1},{"width":47,"y":250,"height":40,"name":"hushimeimei_shenti","x":206},{"width":129,"y":280,"height":103,"name":"hushimeimei_toubu","x":1},{"width":14,"y":250,"height":13,"name":"hushimeimei_zuojing","x":163},{"width":14,"y":265,"height":13,"name":"hushimeimei_yanjing","x":163},{"width":71,"y":1,"height":54,"name":"hushimeimei_zhengchang","x":174},{"width":72,"y":194,"height":54,"name":"hushimeimei_yihuo","x":163},{"width":71,"y":137,"height":55,"name":"hushimeimei_gongji","x":163},{"width":72,"y":280,"height":76,"name":"hushimeimei_shouji","x":132},{"width":63,"y":57,"height":41,"name":"hushimeimei_maozi","x":174},{"width":171,"y":1,"height":134,"name":"zhenton","x":1}],"height":512,"name":"Nurse","imagePath":"Nurse_tex.png"}