{"file":"cdFnt.png","frames":{
"0":{"x":0,"y":78,"w":21,"h":37,"offX":1,"offY":0,"sourceW":22,"sourceH":37},
"1":{"x":68,"y":0,"w":10,"h":37,"offX":7,"offY":0,"sourceW":22,"sourceH":37},
"2":{"x":46,"y":0,"w":20,"h":37,"offX":1,"offY":0,"sourceW":22,"sourceH":37},
"3":{"x":0,"y":39,"w":21,"h":37,"offX":1,"offY":0,"sourceW":22,"sourceH":37},
"4":{"x":23,"y":39,"w":21,"h":37,"offX":0,"offY":0,"sourceW":22,"sourceH":37},
"5":{"x":23,"y":78,"w":21,"h":37,"offX":0,"offY":0,"sourceW":22,"sourceH":37},
"6":{"x":23,"y":0,"w":21,"h":37,"offX":0,"offY":0,"sourceW":22,"sourceH":37},
"7":{"x":46,"y":39,"w":20,"h":37,"offX":1,"offY":0,"sourceW":22,"sourceH":37},
"8":{"x":46,"y":78,"w":20,"h":35,"offX":2,"offY":2,"sourceW":22,"sourceH":37},
"9":{"x":0,"y":0,"w":21,"h":37,"offX":0,"offY":0,"sourceW":22,"sourceH":37}}}