{"file":"wmFnt.png","frames":{
"9":{"x":0,"y":74,"w":46,"h":69,"offX":0,"offY":0,"sourceW":46,"sourceH":69},
"0":{"x":92,"y":139,"w":45,"h":63,"offX":1,"offY":0,"sourceW":46,"sourceH":63},
"1":{"x":138,"y":63,"w":27,"h":64,"offX":0,"offY":0,"sourceW":27,"sourceH":64},
"2":{"x":44,"y":145,"w":46,"h":63,"offX":1,"offY":0,"sourceW":47,"sourceH":63},
"3":{"x":93,"y":63,"w":43,"h":63,"offX":0,"offY":0,"sourceW":43,"sourceH":63},
"4":{"x":0,"y":0,"w":45,"h":72,"offX":0,"offY":0,"sourceW":45,"sourceH":72},
"5":{"x":92,"y":0,"w":47,"h":61,"offX":0,"offY":0,"sourceW":47,"sourceH":61},
"6":{"x":47,"y":0,"w":43,"h":68,"offX":0,"offY":1,"sourceW":43,"sourceH":69},
"7":{"x":0,"y":145,"w":42,"h":69,"offX":1,"offY":0,"sourceW":43,"sourceH":69},
"8":{"x":48,"y":70,"w":43,"h":67,"offX":0,"offY":0,"sourceW":43,"sourceH":67}}}