{"frameRate":30,"name":"Nurse","version":"5.5","compatibleVersion":"5.5","armature":[{"type":"Armature","frameRate":30,"name":"Nurse","aabb":{"x":-104.12,"y":-65.06,"width":184.97,"height":144.37},"bone":[{"name":"root"},{"name":"1","parent":"root","transform":{"x":0.5678,"y":0.023800000000000005}},{"name":"bone","parent":"1","transform":{"x":-4.192200000000001,"y":21.0086}},{"name":"bone3","parent":"1","transform":{"x":-19.771,"y":3.4986,"skX":37.6,"skY":37.6,"scX":0.612,"scY":0.612}},{"length":18.02,"name":"bone6","parent":"1","transform":{"x":-16.401600000000002,"y":67.524,"skX":-104.99,"skY":-104.99}},{"length":16.32,"name":"bone7","parent":"bone6","transform":{"x":18.125400000000003,"y":-0.051000000000000004,"skX":17.89,"skY":17.89}},{"length":55.42,"name":"bone8","parent":"bone7","transform":{"x":16.425400000000003,"y":0.0782,"skX":12.43,"skY":12.43}},{"name":"bone9","parent":"bone8","transform":{"x":77.79200000000002,"y":-36.6792,"skX":-23.75,"skY":-23.75}},{"name":"bone10","parent":"bone8","transform":{"x":25.078400000000002,"y":32.4394}},{"name":"bone11","parent":"bone8","transform":{"x":22.627,"y":-7.976400000000001}}],"slot":[{"name":"hushimeimei_beijing","parent":"bone"},{"name":"hushimeimei_shenti","parent":"bone6"},{"name":"hushimeimei_toubu","parent":"bone8"},{"name":"hushimeimei_zuojing","parent":"bone11"},{"name":"hushimeimei_yanjing","parent":"bone10"},{"name":"hushimeimei_zhengchang","parent":"bone8"},{"name":"hushimeimei_yihuo","parent":"bone8"},{"name":"hushimeimei_gongji","parent":"bone8"},{"name":"hushimeimei_shouji","parent":"bone8"},{"name":"hushimeimei_maozi","parent":"bone9"},{"name":"zhenton","parent":"bone3"}],"skin":[{"slot":[{"name":"hushimeimei_gongji","display":[{"name":"hushimeimei_gongji","transform":{"x":20.63,"y":6.61,"skX":74.66,"skY":74.66}}]},{"name":"hushimeimei_toubu","display":[{"name":"hushimeimei_toubu","transform":{"x":25.64,"y":-3.4,"skX":74.66,"skY":74.66}}]},{"name":"hushimeimei_shenti","display":[{"type":"mesh","name":"hushimeimei_shenti","width":46,"height":40,"vertices":[-19.2,28.19,-14.84,30.83,-12.6,34.94,-11.17,41.48,-10.81,50.62,-0.44,57.22,2.38,67.69,-17.61,67.69,-44.54,67.7,-41.23,55.07,-29.75,47.96,-30.25,39.73,-30.86,29.81,-25.72,27.57,-20.58,49.93,-19.6,33.85,-19.82,40.69,-19.17,58.36],"uvs":[0.54037,0.01537,0.6333,0.08134,0.68098,0.18375,0.71133,0.3467,0.71897,0.57455,0.93987,0.73909,1,1,0.57399,1,0,1,0.07067,0.68531,0.31542,0.50816,0.30473,0.30302,0.29183,0.05556,0.40142,0,0.5108,0.55737,0.53182,0.15639,0.52719,0.32692,0.54077,0.76728],"triangles":[5,7,6,4,17,5,17,7,5,2,16,3,16,14,3,3,14,4,14,17,4,1,15,2,15,16,2,0,15,1,17,8,7,10,14,16,11,10,16,11,16,15,13,15,0,14,10,17,10,9,17,9,8,17,13,12,15,12,11,15],"weights":[1,5,1,1,5,1,1,5,1,2,4,0.03937,5,0.96063,2,4,0.72335,5,0.27665,1,4,1,1,4,1,1,4,1,1,4,1,2,4,0.96833,5,0.03167,2,4,0.47244,5,0.52756,2,4,0.01538,5,0.98462,1,5,1,1,5,1,2,4,0.5,5,0.5,1,5,1,1,5,1,1,4,1],"slotPose":[1,0,0,1,0,0],"bonePose":[5,0.050593,-0.998719,0.998719,0.050593,-20.571207,50.052381,4,-0.25865,-0.965971,0.965971,-0.25865,-15.8338,67.5478],"edges":[8,7,7,6,6,5,5,4,4,3,3,2,2,1,1,0,0,13,13,12,12,11,11,10,10,9,9,8],"userEdges":[10,14,14,4,12,15,15,2,0,15,3,16,16,11,15,16,16,14,7,17,17,14,9,17,17,5]}]},{"name":"hushimeimei_maozi","display":[{"name":"hushimeimei_maozi","transform":{"x":-7.82,"y":1,"skX":98.41,"skY":98.41}}]},{"name":"hushimeimei_yihuo","display":[{"name":"hushimeimei_yihuo","transform":{"x":21.34,"y":6.59,"skX":74.66,"skY":74.66}}]},{"name":"zhenton","display":[{"name":"zhenton","transform":{"x":27.38,"y":-2.93,"skX":-37.6,"skY":-37.6}}]},{"name":"hushimeimei_zhengchang","display":[{"name":"hushimeimei_zhengchang","transform":{"x":21.29,"y":6.43,"skX":74.66,"skY":74.66}}]},{"name":"hushimeimei_yanjing","display":[{"name":"hushimeimei_yanjing","transform":{"x":0.49,"y":-0.51,"skX":74.66,"skY":74.66}}]},{"name":"hushimeimei_beijing","display":[{"name":"hushimeimei_beijing","transform":{"x":-20.43,"y":-15.54}}]},{"name":"hushimeimei_zuojing","display":[{"name":"hushimeimei_zuojing","transform":{"x":0.35,"y":-0.43,"skX":74.66,"skY":74.66}}]},{"name":"hushimeimei_shouji","display":[{"name":"hushimeimei_shouji","transform":{"x":26.04,"y":5.12,"skX":74.66,"skY":74.66}}]}]}],"animation":[{"duration":20,"name":"Attack","bone":[{"name":"bone11","translateFrame":[{"duration":20,"x":3.45,"y":-1.64}]},{"name":"bone6","translateFrame":[{"duration":2,"curve":[0.25,0,0.75,1],"x":2.17,"y":-6.36},{"duration":2,"curve":[0.243,0,0.649,0.6],"x":-20.37,"y":-11.17},{"curve":[0.382,0.57,0.735,1],"x":-12.12,"y":-7.61},{"duration":8,"curve":[0.25,0,0.75,1],"x":-2.14,"y":-6.2},{"duration":7,"curve":[0.25,0,0.75,1],"x":3.85,"y":-2.52},{"duration":0,"x":2.17,"y":-6.36}],"rotateFrame":[{"duration":2,"curve":[0.25,0,0.75,1]},{"duration":2,"curve":[0.243,0,0.649,0.6],"rotate":-9.88},{"curve":[0.382,0.57,0.735,1],"rotate":0.61},{"duration":8,"curve":[0.25,0,0.75,1],"rotate":11.73},{"duration":7,"curve":[0.25,0,0.75,1],"rotate":14.91},{"duration":0}]},{"name":"bone10","translateFrame":[{"duration":20,"x":3.36,"y":-1.73}],"scaleFrame":[{"duration":20,"x":0.88,"y":0.88}]},{"name":"bone8","rotateFrame":[{"duration":2,"curve":[0.25,0,0.75,1]},{"duration":2,"curve":[0.25,0,0.75,1],"rotate":3.51},{"curve":[0.25,0,0.75,1],"rotate":-7.9},{"duration":8,"curve":[0.25,0,0.75,1],"rotate":-14.47},{"duration":7,"curve":[0.25,0,0.75,1],"rotate":-1.98},{"duration":0}]},{"name":"bone7","rotateFrame":[{"duration":2,"curve":[0.25,0,0.75,1]},{"duration":2,"curve":[0.25,0,0.75,1],"rotate":0.77},{"curve":[0.25,0,0.75,1],"rotate":-7.12},{"duration":8,"curve":[0.25,0,0.75,1],"rotate":1.51},{"duration":7,"curve":[0.25,0,0.75,1],"rotate":-2.65},{"duration":0}]},{"name":"bone3","translateFrame":[{"curve":[0.25,0,0.75,1],"x":-181.77,"y":-39.64},{"duration":2,"curve":[0.25,0,0.75,1],"x":-125.27,"y":-93.32},{"curve":[0.25,0,0.75,1],"x":-60.1,"y":-52.19},{"duration":8,"curve":[0.25,0,0.75,1],"x":24.18,"y":13.44},{"curve":[0.295,0,0.633,0.37],"x":27.94,"y":16.09},{"curve":[0.311,0.24,0.648,0.59],"x":11.16,"y":21.8},{"duration":5,"curve":[0.342,0.36,0.757,1],"x":-11.84,"y":17.19},{"tweenEasing":0,"x":-132.31,"y":-23.32},{"duration":0,"x":-181.77,"y":-39.64}],"rotateFrame":[{"curve":[0.25,0,0.75,1],"rotate":-14.73},{"duration":2,"curve":[0.25,0,0.75,1],"rotate":1.03},{"curve":[0.25,0,0.75,1],"rotate":-1.82},{"duration":8,"curve":[0.25,0,0.75,1],"rotate":2.59},{"curve":[0.295,0,0.633,0.37],"rotate":1.6},{"curve":[0.311,0.24,0.648,0.59],"rotate":-14.54},{"duration":5,"curve":[0.342,0.36,0.757,1],"rotate":-17.6},{"tweenEasing":0,"rotate":-7.84},{"duration":0,"rotate":-14.73}]}],"slot":[{"name":"hushimeimei_gongji","displayFrame":[{"duration":2,"value":-1},{"duration":18},{"duration":0,"value":-1}]},{"name":"hushimeimei_shouji","displayFrame":[{"duration":20,"value":-1}]},{"name":"hushimeimei_yihuo","displayFrame":[{"duration":20,"value":-1}]},{"name":"hushimeimei_zhengchang","displayFrame":[{"duration":2},{"duration":18,"value":-1},{"duration":0}]},{"name":"zhenton","displayFrame":[{"value":-1},{"duration":18},{"value":-1}]}]},{"duration":13,"name":"Block","bone":[{"name":"bone8","rotateFrame":[{"duration":3,"curve":[0.25,0,0.75,1]},{"duration":6,"curve":[0.25,0,0.75,1],"rotate":1.35},{"duration":2,"curve":[0.25,0,0.75,1],"rotate":2.71},{"duration":2,"curve":[0.25,0,0.75,1],"rotate":-0.51},{"duration":0}]},{"name":"bone6","translateFrame":[{"duration":3,"curve":[0.25,0,0.75,1],"x":2.17,"y":-6.36},{"duration":6,"curve":[0.25,0,0.75,1],"x":-16.3,"y":-8.78},{"duration":4,"curve":[0.25,0,0.75,1],"x":-25.05,"y":-6.93},{"duration":0,"x":2.17,"y":-6.36}],"rotateFrame":[{"duration":3,"curve":[0.25,0,0.75,1]},{"duration":6,"curve":[0.25,0,0.75,1],"rotate":-7.22},{"duration":4,"curve":[0.25,0,0.75,1],"rotate":-9.97},{"duration":0}]},{"name":"bone3","translateFrame":[{"duration":13,"x":-184.18,"y":-108.8}],"rotateFrame":[{"duration":13,"rotate":-14.73}]},{"name":"bone11","translateFrame":[{"duration":3,"tweenEasing":0,"x":3.45,"y":-1.64},{"duration":6,"x":0.83,"y":0.41},{"duration":4,"tweenEasing":0,"x":0.83,"y":0.41},{"duration":0,"x":3.45,"y":-1.64}]},{"name":"bone10","translateFrame":[{"duration":3,"tweenEasing":0,"x":3.36,"y":-1.73},{"duration":6,"x":1.51,"y":-0.45},{"duration":4,"tweenEasing":0,"x":1.51,"y":-0.45},{"duration":0,"x":3.36,"y":-1.73}],"scaleFrame":[{"duration":13,"x":0.88,"y":0.88}]},{"name":"bone7","rotateFrame":[{"duration":3,"curve":[0.25,0,0.75,1]},{"duration":6,"curve":[0.25,0,0.75,1],"rotate":2.08},{"duration":4,"curve":[0.25,0,0.75,1],"rotate":2.99},{"duration":0}]}],"slot":[{"name":"hushimeimei_gongji","displayFrame":[{"value":-1},{"duration":12},{"duration":0,"value":-1}]},{"name":"hushimeimei_shouji","displayFrame":[{"duration":13,"value":-1}]},{"name":"hushimeimei_yihuo","displayFrame":[{"duration":13,"value":-1}]},{"name":"hushimeimei_zhengchang","displayFrame":[{},{"duration":10,"value":-1},{"duration":2}]},{"name":"zhenton","displayFrame":[{"duration":13,"value":-1}]}]},{"duration":30,"name":"Book","bone":[{"name":"bone3","translateFrame":[{"duration":30,"curve":[0.25,0,0.75,1],"x":-184.18,"y":-108.8},{"duration":0,"x":-184.18,"y":-109.5}],"rotateFrame":[{"duration":30,"rotate":-14.73}]},{"name":"bone11","translateFrame":[{"duration":7,"tweenEasing":0,"x":3.45,"y":-1.64},{"duration":17,"tweenEasing":0,"x":1.18,"y":2.17},{"duration":6,"tweenEasing":0,"x":1.26,"y":2.43},{"duration":0,"x":3.45,"y":-1.64}]},{"name":"bone10","translateFrame":[{"duration":7,"tweenEasing":0,"x":3.36,"y":-1.73},{"duration":17,"tweenEasing":0,"x":2.52,"y":0.89},{"duration":6,"tweenEasing":0,"x":2.6,"y":1.15},{"duration":0,"x":3.36,"y":-1.73}],"scaleFrame":[{"duration":30,"x":0.88,"y":0.88}]},{"name":"bone6","translateFrame":[{"duration":30,"x":2.17,"y":-6.36}],"rotateFrame":[{"duration":15,"tweenEasing":0},{"duration":15,"tweenEasing":0,"rotate":0.42},{"duration":0}]},{"name":"bone7","rotateFrame":[{"duration":15,"curve":[0.25,0,0.75,1]},{"duration":15,"curve":[0.25,0,0.75,1],"rotate":4.06},{"duration":0}]}],"slot":[{"name":"hushimeimei_gongji","displayFrame":[{"duration":30,"value":-1}]},{"name":"hushimeimei_shouji","displayFrame":[{"duration":30,"value":-1}]},{"name":"hushimeimei_yihuo","displayFrame":[{"duration":30,"value":-1}]},{"name":"zhenton","displayFrame":[{"duration":30,"value":-1}]}]},{"duration":64,"name":"Charmed","bone":[{"name":"bone8","rotateFrame":[{"duration":12,"curve":[0,0,0.75,1],"rotate":-0.09},{"duration":16,"curve":[0,0,0.75,1],"rotate":-2.08},{"duration":4,"curve":[0.25,0,1,1],"rotate":0.36},{"duration":12,"curve":[0,0,0.75,1],"rotate":-0.09},{"duration":16,"curve":[0,0,0.75,1],"rotate":-2.08},{"duration":4,"curve":[0.25,0,1,1],"rotate":0.36},{"duration":0,"rotate":-0.09}]},{"name":"bone6","translateFrame":[{"duration":64,"x":2.17,"y":-6.36}],"rotateFrame":[{"duration":16,"curve":[0.25,0,0.75,1]},{"duration":16,"curve":[0.25,0,0.75,1],"rotate":5.39},{"duration":16,"curve":[0.25,0,0.75,1]},{"duration":16,"curve":[0.25,0,0.75,1],"rotate":5.39},{"duration":0}]},{"name":"bone3","translateFrame":[{"duration":64,"x":-184.18,"y":-108.8}],"rotateFrame":[{"duration":64,"rotate":-14.73}]},{"name":"bone7","rotateFrame":[{"duration":9,"curve":[0,0,0.75,1],"rotate":-1.79},{"duration":15,"curve":[0,0,0.75,1],"rotate":-3.16},{"duration":8,"curve":[0.25,0,1,0.94],"rotate":0.82},{"duration":9,"curve":[0,0,0.75,1],"rotate":-1.79},{"duration":15,"curve":[0,0,0.75,1],"rotate":-3.16},{"duration":8,"curve":[0.25,0,1,0.94],"rotate":0.82},{"duration":0,"rotate":-1.79}]},{"name":"bone11","translateFrame":[{"duration":8,"curve":[0.25,0,0.75,1],"x":3.56,"y":1.59},{"duration":8,"curve":[0.25,0,0.75,1],"x":1.54,"y":-2.33},{"duration":8,"curve":[0.25,0,0.75,1],"x":4.73,"y":-3.31},{"duration":8,"curve":[0.25,0,0.75,1],"x":5.69,"y":1.23},{"duration":8,"curve":[0.25,0,0.75,1],"x":3.56,"y":1.59},{"duration":8,"curve":[0.25,0,0.75,1],"x":1.54,"y":-2.33},{"duration":8,"curve":[0.25,0,0.75,1],"x":4.73,"y":-3.31},{"duration":8,"curve":[0.25,0,0.75,1],"x":5.69,"y":1.23},{"duration":0,"x":3.56,"y":1.59}]},{"name":"bone10","translateFrame":[{"duration":8,"curve":[0.25,0,0.75,1],"x":2.87,"y":-1.2},{"duration":8,"curve":[0.25,0,0.75,1],"x":1.57,"y":-4.21},{"duration":8,"curve":[0.25,0,0.75,1],"x":4.3,"y":-4.74},{"duration":8,"curve":[0.25,0,0.75,1],"x":5.28,"y":-1.48},{"duration":8,"curve":[0.25,0,0.75,1],"x":2.87,"y":-1.2},{"duration":8,"curve":[0.25,0,0.75,1],"x":1.57,"y":-4.21},{"duration":8,"curve":[0.25,0,0.75,1],"x":4.3,"y":-4.74},{"duration":8,"curve":[0.25,0,0.75,1],"x":5.28,"y":-1.48},{"duration":0,"x":2.87,"y":-1.2}],"scaleFrame":[{"duration":64,"x":0.88,"y":0.88}]}],"slot":[{"name":"hushimeimei_beijing","colorFrame":[{"duration":64,"value":{"rM":27,"gM":27,"bM":27}}]},{"name":"hushimeimei_gongji","displayFrame":[{"duration":64,"value":-1}]},{"name":"hushimeimei_shouji","displayFrame":[{"duration":64,"value":-1}]},{"name":"hushimeimei_zhengchang","displayFrame":[{"duration":64,"value":-1}]},{"name":"zhenton","displayFrame":[{"duration":64,"value":-1}]}]},{"duration":15,"name":"Dodged","bone":[{"name":"bone7","rotateFrame":[{"duration":2,"curve":[0.25,0,0.75,1]},{"duration":6,"curve":[0.253,0,0.622,0.48],"rotate":6.14},{"duration":7,"curve":[0.371,0.48,0.752,1],"rotate":-0.18},{"duration":0}]},{"name":"bone11","translateFrame":[{"duration":10,"tweenEasing":0,"x":3.45,"y":-1.64},{"duration":5,"tweenEasing":0,"x":1.09,"y":-1.37},{"duration":0,"x":3.45,"y":-1.64}]},{"name":"bone8","rotateFrame":[{"duration":2,"curve":[0.25,0,0.75,1]},{"duration":6,"curve":[0.268,0,0.618,0.42],"rotate":9.53},{"duration":7,"curve":[0.322,0.3,0.674,0.69],"rotate":2.22},{"duration":0}]},{"name":"bone3","translateFrame":[{"duration":15,"x":-184.18,"y":-108.8}],"rotateFrame":[{"duration":15,"rotate":-14.73}]},{"name":"bone10","translateFrame":[{"duration":2,"x":3.36,"y":-1.73},{"duration":8,"tweenEasing":0,"x":3.36,"y":-1.73},{"duration":5,"tweenEasing":0,"x":0.92,"y":-0.54},{"duration":0,"x":3.36,"y":-1.73}],"scaleFrame":[{"duration":15,"x":0.88,"y":0.88}]},{"name":"bone6","translateFrame":[{"duration":2,"curve":[0.25,0,0.75,1],"x":2.17,"y":-6.36},{"duration":6,"curve":[0.25,0,0.625,0.5],"x":-13.7,"y":-4.5},{"duration":6,"curve":[0.247,0,0.7235,0.89],"x":-27.35,"y":-5.28},{"curve":[0.367,0.63,0.705,1],"x":-27.35,"y":-5.28},{"duration":0,"x":2.17,"y":-6.36}],"rotateFrame":[{"duration":2,"curve":[0.25,0,0.75,1]},{"duration":6,"curve":[0.25,0,0.625,0.5],"rotate":-8.95},{"duration":6,"curve":[0.247,0,0.7235,0.89],"rotate":-6.42},{"curve":[0.367,0.63,0.705,1],"rotate":-0.51},{"duration":0}]}],"slot":[{"name":"hushimeimei_gongji","displayFrame":[{"value":-1},{"duration":9},{"duration":5,"value":-1}]},{"name":"hushimeimei_shouji","displayFrame":[{"duration":15,"value":-1}]},{"name":"hushimeimei_yihuo","displayFrame":[{"duration":15,"value":-1}]},{"name":"zhenton","displayFrame":[{"duration":15,"value":-1}]}]},{"duration":75,"name":"Downstairs","bone":[{"name":"bone7","rotateFrame":[{"duration":7,"curve":[0.25,0,0.625,0.5]},{"duration":10,"tweenEasing":0,"rotate":-3.86},{"duration":5,"tweenEasing":0,"rotate":-1.18},{"duration":10,"tweenEasing":0,"rotate":-3.86},{"duration":5,"tweenEasing":0,"rotate":-1.18},{"duration":10,"tweenEasing":0,"rotate":-3.86},{"duration":5,"tweenEasing":0,"rotate":-1.18},{"duration":10,"tweenEasing":0,"rotate":-3.86},{"duration":5,"tweenEasing":0,"rotate":-1.18},{"duration":8,"rotate":-3.86}]},{"name":"bone11","translateFrame":[{"duration":75,"x":3.45,"y":-1.64}]},{"name":"bone8","rotateFrame":[{"duration":5,"curve":[0.276,0,0.621,0.4]},{"duration":5,"curve":[0.314,0.27,0.657,0.64],"rotate":3.51},{"duration":10,"tweenEasing":0,"rotate":-3.81},{"duration":5,"tweenEasing":0,"rotate":0.39},{"duration":10,"tweenEasing":0,"rotate":-3.81},{"duration":5,"tweenEasing":0,"rotate":0.39},{"duration":10,"tweenEasing":0,"rotate":-3.81},{"duration":5,"tweenEasing":0,"rotate":0.39},{"duration":10,"tweenEasing":0,"rotate":-3.81},{"duration":5,"tweenEasing":0,"rotate":0.39},{"duration":5,"rotate":-3.81}]},{"name":"bone3","translateFrame":[{"duration":75,"x":-184.18,"y":-108.8}],"rotateFrame":[{"duration":75,"rotate":-14.73}]},{"name":"bone10","translateFrame":[{"duration":75,"x":3.36,"y":-1.73}],"scaleFrame":[{"duration":75,"x":0.88,"y":0.88}]},{"name":"bone6","translateFrame":[{"duration":5,"curve":[0.313,0,0.648,0.35],"x":2.17,"y":-6.36},{"duration":10,"curve":[0.305,0.18,0.642,0.53],"x":4.15,"y":-16.02},{"duration":5,"curve":[0.324,0.3,0.658,0.63],"x":13.33,"y":28.02},{"duration":10,"curve":[0.322,0.3,0.658,0.64],"x":19.54,"y":18.62},{"duration":5,"curve":[0.331,0.33,0.665,0.66],"x":33.8,"y":59.02},{"duration":10,"curve":[0.334,0.34,0.67,0.68],"x":41.46,"y":49.64},{"duration":5,"curve":[0.337,0.35,0.671,0.68],"x":56.96,"y":93.98},{"duration":10,"curve":[0.347,0.38,0.683,0.73],"x":64.49,"y":81.74},{"duration":5,"curve":[0.345,0.39,0.679,0.72],"x":78.11,"y":122.21},{"duration":10,"curve":[0.366,0.63,0.703,1],"x":83.66,"y":108.19},{"duration":0,"x":89.32,"y":142.77}]}],"slot":[{"name":"hushimeimei_gongji","displayFrame":[{"duration":75,"value":-1}]},{"name":"hushimeimei_shouji","displayFrame":[{"duration":75,"value":-1}]},{"name":"hushimeimei_yihuo","displayFrame":[{"duration":75,"value":-1}]},{"name":"zhenton","displayFrame":[{"duration":75,"value":-1}]}]},{"duration":17,"name":"Hurt","bone":[{"name":"bone8","rotateFrame":[{"duration":3,"curve":[0.299,0,0.636,0.36]},{"duration":2,"curve":[0.331,0.32,0.664,0.65],"rotate":1.95},{"duration":3,"curve":[0.33,0.32,0.663,0.65],"rotate":-0.67},{"duration":5,"curve":[0.328,0.31,0.661,0.64],"rotate":2.98},{"duration":4,"curve":[0.322,0.28,0.656,0.61],"rotate":0.48},{"duration":0}]},{"name":"bone7","rotateFrame":[{"duration":3,"curve":[0.328,0,0.662,0.34]},{"duration":2,"curve":[0.333,0.32,0.666,0.65],"rotate":20.72},{"duration":3,"curve":[0.333,0.31,0.666,0.65],"rotate":19.3},{"duration":5,"curve":[0.332,0.3,0.665,0.64],"rotate":22.52},{"duration":4,"curve":[0.331,0.27,0.664,0.6],"rotate":18.2},{"duration":0}]},{"name":"bone11","translateFrame":[{"duration":17,"x":3.45,"y":-1.64}]},{"name":"bone10","translateFrame":[{"duration":17,"x":3.36,"y":-1.73}],"scaleFrame":[{"duration":17,"x":0.88,"y":0.88}]},{"name":"bone6","translateFrame":[{"duration":3,"curve":[0.25,0,0.75,1],"x":2.17,"y":-6.36},{"duration":2,"curve":[0.333,0.33,0.666,0.66],"x":-19.25,"y":-5.33},{"duration":3,"curve":[0.332,0.33,0.666,0.66],"x":-10.41,"y":-5.33},{"duration":5,"curve":[0.332,0.32,0.665,0.66],"x":-22.49,"y":-5.33},{"duration":4,"curve":[0.3225,0.28500000000000003,0.657,0.625],"x":-9.15,"y":-5.33},{"duration":0,"x":2.17,"y":-6.36}],"rotateFrame":[{"duration":3,"curve":[0.25,0,0.75,1]},{"duration":10,"curve":[0.333,0.33,0.666,0.66],"rotate":0.35},{"duration":4,"curve":[0.3225,0.28500000000000003,0.657,0.625],"rotate":0.35},{"duration":0}]},{"name":"bone3","translateFrame":[{"duration":17,"x":-184.18,"y":-108.8}],"rotateFrame":[{"duration":17,"rotate":-14.73}]}],"slot":[{"name":"hushimeimei_gongji","displayFrame":[{"duration":17,"value":-1}]},{"name":"hushimeimei_shouji","displayFrame":[{"duration":3,"value":-1},{"duration":14},{"duration":0,"value":-1}]},{"name":"hushimeimei_yihuo","displayFrame":[{"duration":17,"value":-1}]},{"name":"hushimeimei_zhengchang","displayFrame":[{"duration":3},{"duration":14,"value":-1},{"duration":0}]},{"name":"zhenton","displayFrame":[{"duration":17,"value":-1}]}]},{"duration":20,"name":"Idle","bone":[{"name":"bone7","rotateFrame":[{"duration":10,"curve":[0.25,0,0.625,0.5]},{"duration":10,"curve":[0.375,0.5,0.75,1],"rotate":1.13},{"duration":0}]},{"name":"bone11","translateFrame":[{"duration":10,"tweenEasing":0,"x":3.45,"y":-1.64},{"duration":10,"tweenEasing":0,"x":3.32,"y":-1.41},{"duration":0,"x":3.45,"y":-1.64}]},{"name":"bone8","rotateFrame":[{"duration":10,"curve":[0.25,0,0.625,0.5]},{"duration":10,"curve":[0.375,0.5,0.75,1],"rotate":1.12},{"duration":0}]},{"name":"bone3","translateFrame":[{"duration":20,"x":-184.18,"y":-108.8}],"rotateFrame":[{"duration":20,"rotate":-14.73}]},{"name":"bone10","translateFrame":[{"duration":10,"tweenEasing":0,"x":3.36,"y":-1.73},{"duration":10,"tweenEasing":0,"x":3.23,"y":-1.5},{"duration":0,"x":3.36,"y":-1.73}],"scaleFrame":[{"duration":20,"x":0.88,"y":0.88}]},{"name":"bone6","translateFrame":[{"duration":20,"x":2.17,"y":-6.36}],"rotateFrame":[{"duration":10,"curve":[0.25,0,0.625,0.5]},{"duration":10,"curve":[0.375,0.5,0.75,1],"rotate":-1.4},{"duration":0}]}],"slot":[{"name":"hushimeimei_gongji","displayFrame":[{"duration":20,"value":-1}]},{"name":"hushimeimei_shouji","displayFrame":[{"duration":20,"value":-1}]},{"name":"hushimeimei_yihuo","displayFrame":[{"duration":20,"value":-1}]},{"name":"zhenton","displayFrame":[{"duration":20,"value":-1}]}]}],"defaultActions":[{"gotoAndPlay":"Attack"}]}]}