{"width":512,"imagePath":"Rogue_tex.png","height":256,"name":"Rogue","SubTexture":[{"width":160,"y":1,"height":141,"name":"beijing","x":201},{"width":153,"y":144,"height":74,"name":"shenti","x":201},{"width":87,"y":144,"height":103,"name":"tou","x":356},{"width":47,"y":220,"height":16,"name":"yanbai","x":201},{"width":36,"y":133,"height":7,"name":"yanzhu","x":425},{"width":54,"y":110,"height":21,"name":"yankuang","x":425},{"width":68,"y":1,"height":97,"name":"shouji","x":363},{"width":62,"y":68,"height":40,"name":"xiaba","x":433},{"width":58,"y":1,"height":65,"name":"gongji","x":433},{"width":60,"y":100,"height":39,"name":"toufa2","x":363},{"width":28,"y":220,"height":20,"name":"toufa1","x":250},{"width":198,"y":1,"height":223,"name":"dao","x":1}]}