{
    "HalloweenTreantNoPeashooter":{
        "achvClass":"singleBattle",
        "achvPoint":10
    },
    "DeepFrozen":{
        "achvClass":"singleBattle",
        "achvPoint":10
    },
    "RichMan":{
        "achvClass":"singleGame",
        "money":1000,
        "achvPoint":10
    },
    "KnowlegdeChangesDestiny":{
        "achvClass":"singleGame",
        "readNum":20,
        "achvPoint":10
    },
    "DeathGodKiller":{
        "achvClass":"singleGame",
        "killNum":10,
        "achvPoint":10
    },
    "SkillMaster":{
        "achvClass":"singleGame",
        "relicNum":8,
        "relicLv":5,
        "achvPoint":10
    },
    "EasyModeUnlock":{
        "achvClass":"singleGame",
        "achvPoint":10
    },
    "NormalModeUnlock":{
        "achvClass":"singleGame",
        "achvPoint":10
    }
}