{
    "rookiePlay_1":{
        "EyeDemon": [{"x":1, "y":3},{"x":5, "y":7}],
        "DancerZombie": [{"x":1, "y":5},{"x":3, "y":5},{"x":5, "y":2}],
        "GluttonyZombie": [{"x":5, "y":5},{"x":5, "y":1}],
        "Knife": [{"x":1, "y":2}],
        "RayGun": [{"x":4, "y":4}],
        "Apple": [{"x":5, "y":3},{"x":1, "y":4}],
        "Door": [{"x":5, "y":6}],
        "EscapePort":[{"x":2, "y":1}],
        "TreasureBox":[{"x":1, "y":7}],
        "Hole":[
            {"x":0, "y":0},
            {"x":0, "y":1},
            {"x":0, "y":2},
            {"x":0, "y":3},
            {"x":0, "y":4},
            {"x":0, "y":5},
            {"x":0, "y":6},
            {"x":0, "y":7},
            {"x":0, "y":8},
            {"x":1, "y":0},
            {"x":1, "y":8},
            {"x":2, "y":0},
            {"x":2, "y":8},
            {"x":3, "y":0},
            {"x":3, "y":8},
            {"x":4, "y":0},
            {"x":4, "y":8},
            {"x":5, "y":0},
            {"x":5, "y":8},
            {"x":6, "y":0},
            {"x":6, "y":1},
            {"x":6, "y":2},
            {"x":6, "y":3},
            {"x":6, "y":4},
            {"x":6, "y":5},
            {"x":6, "y":6},
            {"x":6, "y":7},
            {"x":6, "y":8}
        ]
    },

    "rookiePlay_1ForView":{
        "Hole":[
            {"x":0, "y":0},
            {"x":0, "y":1},
            {"x":0, "y":2},
            {"x":0, "y":3},
            {"x":0, "y":4},
            {"x":0, "y":5},
            {"x":0, "y":6},
            {"x":0, "y":7},
            {"x":0, "y":8},
            {"x":1, "y":0},
            {"x":1, "y":8},
            {"x":2, "y":0},
            {"x":2, "y":8},
            {"x":3, "y":0},
            {"x":3, "y":8},
            {"x":4, "y":0},
            {"x":4, "y":8},
            {"x":5, "y":0},
            {"x":5, "y":8},
            {"x":6, "y":0},
            {"x":6, "y":1},
            {"x":6, "y":2},
            {"x":6, "y":3},
            {"x":6, "y":4},
            {"x":6, "y":5},
            {"x":6, "y":6},
            {"x":6, "y":7},
            {"x":6, "y":8}
        ]
    },

    "awardInherited_0":{
        "Door":[{"x":3, "y":4}],
        "TreasureBox":[
            {"x":2, "y":2},
            {"x":3, "y":2},
            {"x":4, "y":2},
            {"x":2, "y":6},
            {"x":3, "y":6},
            {"x":4, "y":6}
        ],
        "Coins":[{"x":4, "y":4}],
        "Key":[
            {"x":2, "y":3},
            {"x":3, "y":3},
            {"x":4, "y":3},
            {"x":2, "y":4},
            {"x":2, "y":5},
            {"x":3, "y":5},
            {"x":4, "y":5}
        ]
    }
}