{
    "desc": {
        "exit": "离开",
        "battle": "战斗",
        "-money": "失去 {money} 金币",
        "+money": "获得 {money} 金币",
        "-allMoney": "失去所有金币",
        "-hp": "失去 {hp} hp",
        "+hp": "获得 {hp} hp",
        "-hpPrecentage": "损失 {hp} hp",
        "+hpPrecentage": "恢复 {hp} hp",
        "-maxHpPrecentage": "血量上限减少 {maxHp}",
        "-maxHp": "血量上限减少 {maxHp}",
        "+maxHp": "血量上限增加 {maxHp}",
        "+dodge": "闪避增加{dodge}",
        "+power": "攻击力增加{dpower}",
        "+item": "获得 {item}",
        "+randomItems": "获得 {randomNum} 件随机物品",
        "reinforceRandomRelics": "随机强化 {reinforceNum} 件遗物",
        "reinfoceRelic": "强化一件遗物",
        "gambling": "压 {wager} 金币，{rate}% 胜利获得 {award} 金币",
        "rob": "抢劫物品",
        "redirectSelGroup": "重建选项列表",
        "redirectSelGroup2": "重建选项列表",
        "toTurnTable": "",
        "searchOnCorpse": "摸尸体",
        "+specificRelics": "指定获得 {num} 个技能"
    },

    "groups": {
        "newPlayAward": {
            "title": "你想得到什么",
            "desc": "你之前的冒险达到了第$lv$层，来选择你的继承奖励吧",
            "sels": [{
              "desc": "继承 1 个最高 $relicLv$ 级的指定技能",
              "func": ["+specificRelics"],
              "ps": {"num": 1, "items": {}, "relicLvs":{}}
            }, {
              "desc": "继承 2 个最高 $relicLv$ 级的随机技能",
              "func": ["+randomItems"],
              "ps": {"randomNum": 2, "items": {}, "relicLvs":{}}
            }, {
              "desc": "继承 $propsNum$ 个随机道具",
              "func": ["+randomItems"],
              "ps": {"randomNum": 0, "items": {}}
            }, {
              "desc": "<font color=#000000 size=20>[离开]</font>",
              "func": ["exit"]
            }]
        },
        "a1": {
            "title": "天堂之光",
            "desc": "神圣的光芒落在你的面前，隔着远远你就能感受到它的威严和圣洁。",
            "sels": [{
                "desc": "<font color=#000000 size=20>[靠近]</font><font color=#294c22 size=20>随机升级2个技能, </font><font color=#7d0403 size=20>失去{hp}生命</font>",
                "func": ["reinforceRandomRelics", "-hpPrecentage", "redirectSelGroup"],
                "ps":{"reinforceNum": 2, "hpPrecentage": 30, "group": "a11"}
            },{
                "desc": "<font color=#000000 size=20>[离开]</font>",
                "func": ["exit", "redirectSelGroup"],
                "ps": {"group": "a12"}
            }]
        },
        "a11": {
            "title": "闪耀之光",
            "desc": "你走进了光芒，强大的力量让你有些</font><font color=#7d0403 size=25>禁受不住</font>，但是你坚持住了，并对<font color=#294c22 size=25>技能的领悟</font>更加深刻。",
            "sels": [{
                "desc": "<font color=#000000 size=20>[离开]</font>",
                "func": ["exit"]
            }]
        },
        "a12": {
            "title": "天堂之光",
            "desc": "这是陷阱，你不会上当的。",
            "sels": [{
                "desc": "<font color=#000000 size=20>[离开]</font>",
                "func": ["exit"]
            }]
        },
        "a2": {
            "title": "樱桃炸弹",
            "desc": "你发现樱桃炸弹正在熟睡，旁边的宝物无人看守，不禁起了邪念。",
            "sels": [{
                "desc": "<font color=#000000 size=20>[偷窃]</font><font color=#294c22 size=20>得到金币勋章</font>，<font color=#7d0403 size=20>受到樱桃炸弹的报复</font>",
                "func": ["redirectSelGroup"],
                "ps": {"group": "a21"}
            },{
                "desc": "<font color=#000000 size=20>[离开]</font>",
                "func": ["exit", "redirectSelGroup"],
                "ps": {"group": "a22"}
            }],
            "globalCountMax":1,
             "extraRobSel": {
                "desc": "<font color=#000000 size=20>[打劫]</font><font color=#294c22 size=20>获得技能</font>",
                "func": ["rob", "redirectSelGroup"],
                "ps": {"rob":"inEvent1", "group": "a23"}
            },
            "bg":"CherryBomb"
        },
        "a21": {
            "title": "樱桃炸弹",
            "desc": "樱桃炸弹被惊醒了，它鼓足力气把自己炸得七零八落，滚烫的热浪直奔你而来。",
            "sels": [{
                "desc": "<font color=#000000 size=20>[逃跑]</font><font color=#7d0403 size=20>失去{money}金币</font>",
                "func": ["+item", "-money", "redirectSelGroup"],
                "ps": {"item": "GoldMedal", "money": 30, "group": "a211"}
            },{
                "desc": "<font color=#000000 size=20>[抵挡]</font><font color=#7d0403 size=20>生命上限减少{maxHp}</font>",
                "func": ["+item", "-maxHp", "redirectSelGroup"],
                "ps": {"item" : "GoldMedal", "maxHp": 5, "group": "a212"}
            },{
                "desc": "<font color=#000000 size=20>[躲藏]</font><font color=#7d0403 size=20>失去{hp}生命</font>",
                "func": ["+item", "-hpPrecentage", "redirectSelGroup"],
                "ps": {"item" : "GoldMedal", "hpPrecentage": 20, "group": "a213"}
            }],
            "bg":"CherryBomb"
        },
        "a211": {
             "title": "樱桃炸弹",
             "desc": "<font color=#000000 size=25>你拼命的逃跑，终于逃出了爆炸的范围，事后盘点发现仓皇中</font><font color=#7d0403 size=25>丢失了一些金币</font>。",
             "sels": [{
                "desc": "<font color=#000000 size=20>[离开]</font>",
                "func":["exit"]
             }],
             "bg":"CherryBomb"
        },
        "a212": {
            "title": "樱桃炸弹",
             "desc": "<font color=#000000 size=25>你双手抱头，匍匐在地，爆炸波及到了你，你觉得自己的身体</font><font color=#7d0403 size=25>状态不算太好</font>。",
             "sels": [{
                "desc": "<font color=#000000 size=20>[离开]</font>",
                "func":["exit"]
             }],
             "bg":"CherryBomb"
        },
        "a213": {
            "title": "樱桃炸弹",
             "desc": "<font color=#000000 size=25>你躲在障碍物后逃过一劫，虽然仍然</font><font color=#7d0403 size=25>受了点伤</font>。",
             "sels": [{
                "desc": "<font color=#000000 size=20>[离开]</font>",
                "func":["exit"]
             }],
             "bg":"CherryBomb"
        },
        "a22": {
            "title": "樱桃炸弹",
            "desc": "做贼是不好的。",
            "sels": [{
                "desc": "<font color=#000000 size=20>[离开]</font>",
                "func": ["exit"]
            }],
            "bg":"CherryBomb"
        },
        "a23": {
            "title": "樱桃炸弹",
            "desc": "樱桃炸弹还没来得及爆炸，就被你抢走了他的<font color=#294c22 size=25>宝物</font>",
            "sels": [{
                "desc": "<font color=#000000 size=20>[离开]</font>",
                "func": ["exit"]
            }],
            "bg":"CherryBomb"
        },
        "a3": {
            "title": "神秘雕像",
            "desc": "在你面前是一个神秘的雕像，上面似乎有着强大的力量。",
            "sels": [{
                "desc": "<font color=#000000 size=20>[祈祷]</font><font color=#294c22 size=20>升级一项技能</font>",
                "func": ["reinfoceRelic", "redirectSelGroup"],
                "ps": {"group": "a31"}
            },{
                "desc": "<font color=#000000 size=20>[离开]</font>",
                "func": ["exit", "redirectSelGroup"],
                "ps": {"group": "a32"}
            }]
        },
        "a31": {
            "title": "神秘雕像",
            "desc": "你感到自己变得更强了。",
            "sels": [{
                "desc": "<font color=#000000 size=20>[离开]</font>",
                "func": ["exit"]
            }]
        },
        "a32": {
            "title": "神秘雕像",
            "desc": "你无视了雕像。",
            "sels": [{
                "desc": "<font color=#000000 size=20>[离开]</font>",
                "func": ["exit"]
            }]
        },
        "g1": {
            "title": "事件标题",
            "desc": "事件描述文字，说说这个事件是什么意思",
            "sels":[{
                "func": ["+money", "-hp"],
                "ps": {"money":10, "hp":1}
            }, {
                "desc": "获得一个 {item}，但你会失去所有金币",
                "func": ["-allMoney", "+item"],
                "ps": {"item": "MedicineBox"}
            }, {
                "func": ["rob"],
                "ps": {"rob":"inEvent"}
            }, {
                "func": ["exit"]
            }]
        },
        "g2": {
            "title": "事件标题",
            "desc": "事件描述文字，说说这个事件是什么意思",
            "sels":[{
                "func": ["-maxHpPrecentage", "reinforceRandomRelics"],
                "ps": {"maxHpPrecentage": 50, "reinforceNum":2}
            }, {
                "func": ["-hpPrecentage"],
                "ps": {"hpPrecentage": 50}
            }, {
                "func": ["-maxHp", "reinfoceRelic"],
                "ps": {"maxHp": 5}
            }, {
                "func": ["exit"]
            }]
        },
        "g3": {
            "title": "事件标题",
            "desc": "事件描述文字，说说这个事件是什么意思",
            "sels":[{
                "desc": "进行一场普通战斗",
                "func": ["battle"],
                "ps": {"battleType": "_abcd"}
            }, {
                "func": ["-allMoney"]
            }]
        },
        "a4": {
            "title": "谜之声",
            "desc": "天空响起一个威严的声音：献出你的生命，我会赐予你力量。",
            "sels": [{
                "func": ["sequence"],
                "ps": {
                    "desc": "<font color=#000000 size=20>[献祭]</font><font color=#7d0403 size=20>失去{hp}生命，</font><font color=#294c22 size=20>{rate}%几率获得技能</font>",
                    "func": ["+randomItems", "-hp", "redirectSelGroup"],
                    "rates": [20],
                    "failedFunc": ["-hp", "redirectSelGroup2", "+randomItemsFake"],
                    "ps": [{"randomNum": 1, "items": {"ShieldBlock": 10, "ExpMedal": 10, "KnifeMaster": 10, "MonsterHunter": 10, "VestThorns": 10, "InfinityKnife": 10, "VestImmune": 10}, "hp":1, "group": "a411", "group2": "a421"}]
                    }
                },{
                "desc": "<font color=#000000 size=20>[离开]</font>",
                "func":["exit", "redirectSelGroup"],
                "ps": {"group": "a431"}
                }]
        },
        "a411": {
            "title": "谜之声",
            "desc": "巨大的力量灌注到你的身上，你在<font color=#7d0403 size=25>痛苦</font>中<font color=#294c22 size=25>领悟</font>到了一些东西。",
            "sels": [{
                "desc": "<font color=#000000 size=20>[离开]</font>",
                "func": ["exit"]
            }]
        },
        "a421": {
            "title": "谜之声",
            "desc": "混沌的力量灌注于你的身体，你感到非常<font color=#7d0403 size=25>痛苦</font>，但并没有领悟到什么东西。",
            "sels": [{
                "func": ["sequence"],
                "ps": {
                    "desc": "<font color=#000000 size=20>[献祭]</font><font color=#7d0403 size=20>失去{hp}生命，</font><font color=#294c22 size=20>{rate}%几率获得技能</font>",
                    "func": ["+randomItems", "-hp", "redirectSelGroup"],
                    "rates": [35],
                    "failedFunc": ["-hp", "redirectSelGroup2"],
                    "ps": [{"randomNum": 1, "items": {"ShieldBlock": 10, "ExpMedal": 10, "KnifeMaster": 10, "MonsterHunter": 10, "VestThorns": 10, "InfinityKnife": 10, "VestImmune": 10}, "hp":2, "group": "a411", "group2": "a422"}]
                    }
                },{
                "desc": "<font color=#000000 size=20>[离开]</font>",
                "func":["exit", "redirectSelGroup"],
                "ps": {"group": "a431"}
                }]
        },
        "a422": {
            "title": "谜之声",
            "desc": "混沌的力量灌注于你的身体，你感到非常<font color=#7d0403 size=25>痛苦</font>，但并没有领悟到什么东西。",
            "sels": [{
                "func": ["sequence"],
                "ps": {
                    "desc": "<font color=#000000 size=20>[献祭]</font><font color=#7d0403 size=20>失去{hp}生命，</font><font color=#294c22 size=20>{rate}%几率获得技能</font>",
                    "func": ["+randomItems", "-hp", "redirectSelGroup"],
                    "rates": [50],
                    "failedFunc": ["-hp", "redirectSelGroup2"],
                    "ps": [{"randomNum": 1, "items": {"ShieldBlock": 10, "ExpMedal": 10, "KnifeMaster": 10, "MonsterHunter": 10, "VestThorns": 10, "InfinityKnife": 10, "VestImmune": 10}, "hp":3, "group": "a411", "group2": "a423"}]
                    }
                },{
                "desc": "<font color=#000000 size=20>[离开]</font>",
                "func":["exit", "redirectSelGroup"],
                "ps": {"group": "a431"}
                }]
        },
        "a423": {
            "title": "谜之声",
            "desc": "混沌的力量灌注于你的身体，你感到非常<font color=#7d0403 size=25>痛苦</font>，但并没有领悟到什么东西。",
            "sels": [{
                "func": ["sequence"],
                "ps": {
                    "desc": "<font color=#000000 size=20>[献祭]</font><font color=#7d0403 size=20>失去{hp}生命，</font><font color=#294c22 size=20>{rate}%几率获得技能</font>",
                    "func": ["+randomItems", "-hp", "redirectSelGroup"],
                    "rates": [65],
                    "failedFunc": ["-hp", "redirectSelGroup2"],
                    "ps": [{"randomNum": 1, "items": {"ShieldBlock": 10, "ExpMedal": 10, "KnifeMaster": 10, "MonsterHunter": 10, "VestThorns": 10, "InfinityKnife": 10, "VestImmune": 10}, "hp":4, "group": "a411", "group2": "a424"}]
                    }
                },{
                "desc": "<font color=#000000 size=20>[离开]</font>",
                "func":["exit", "redirectSelGroup"],
                "ps": {"group": "a431"}
                }]
        },
        "a424": {
            "title": "谜之声",
            "desc": "混沌的力量灌注于你的身体，你感到非常<font color=#7d0403 size=25>痛苦</font>，但并没有领悟到什么东西。",
            "sels": [{
                "func": ["sequence"],
                "ps": {
                    "desc": "<font color=#000000 size=20>[献祭]</font><font color=#7d0403 size=20>失去{hp}生命，</font><font color=#294c22 size=20>{rate}%几率获得技能</font>",
                    "func": ["+randomItems", "-hp", "redirectSelGroup"],
                    "rates": [80],
                    "failedFunc": ["-hp", "redirectSelGroup2"],
                    "ps": [{"randomNum": 1, "items": {"ShieldBlock": 10, "ExpMedal": 10, "KnifeMaster": 10, "MonsterHunter": 10, "VestThorns": 10, "InfinityKnife": 10, "VestImmune": 10}, "hp":5, "group": "a411", "group2": "a425"}]
                    }
                },{
                "desc": "<font color=#000000 size=20>[离开]</font>",
                "func":["exit", "redirectSelGroup"],
                "ps": {"group": "a431"}
                }]
        },
        "a425": {
            "title": "谜之声",
            "desc": "混沌的力量灌注于你的身体，你感到非常<font color=#7d0403 size=25>痛苦</font>，但并没有领悟到什么东西。",
            "sels": [{
                "func": ["sequence"],
                "ps": {
                    "desc": "<font color=#000000 size=20>[献祭]</font><font color=#7d0403 size=20>失去{hp}生命，</font><font color=#294c22 size=20>{rate}%几率获得技能</font>",
                    "func": ["+randomItems", "-hp", "redirectSelGroup"],
                    "rates": [95],
                    "failedFunc": ["-hp", "redirectSelGroup2"],
                    "ps": [{"randomNum": 1, "items": {"ShieldBlock": 10, "ExpMedal": 10, "KnifeMaster": 10, "MonsterHunter": 10, "VestThorns": 10, "InfinityKnife": 10, "VestImmune": 10 }, "hp":6, "group": "a411", "group2": "a426"}]
                    }
                },{
                "desc": "<font color=#000000 size=20>[离开]</font>",
                "func":["exit", "redirectSelGroup"],
                "ps": {"group": "a431"}
                }]
        },
        "a426": {
            "title": "谜之声",
            "desc": "混沌的力量灌注于你的身体，你感到非常<font color=#7d0403 size=25>痛苦</font>，但并没有领悟到什么东西。",
            "sels": [{
                "func": ["sequence"],
                "ps": {
                    "desc": "<font color=#000000 size=20>[献祭]</font><font color=#7d0403 size=20>失去{hp}生命，</font><font color=#294c22 size=20>{rate}%几率获得技能</font>",
                    "func": ["+randomItems", "-hp", "redirectSelGroup"],
                    "rates": [100],
                    "failedFunc": ["-hp", "redirectSelGroup2"],
                    "ps": [{"randomNum": 1, "items": {"ShieldBlock": 10, "ExpMedal": 10, "KnifeMaster": 10, "MonsterHunter": 10, "VestThorns": 10, "InfinityKnife": 10, "VestImmune": 10 }, "hp":7, "group": "a411", "group2": "a426"}]
                    }
                },{
                "desc": "<font color=#000000 size=20>[离开]</font>",
                "func":["exit", "redirectSelGroup"],
                "ps": {"group": "a431"}
                }]
        },
        "a431": {
            "title": "谜之声",
            "desc": "这一定是骗人的把戏。",
            "sels": [{
                "desc": "<font color=#000000 size=20>[离开]</font>",
                "func": ["exit"]
            }]
        },
        "aa55": {
            "title": "title",
            "desc": "desc",
            "sels": [{
                "func": ["searchOnCorpse"],
                "desc": "sels",
                "ps": {
                    "rateArr": [100, 100, 0],
                    "titleArr": ["标题1", "标题2", "标题3"],
                    "upDescArr": ["1刚才掉了{lastDropped}", "2刚才掉了{lastDropped}", "3东西都掉完了"],
                    "descArr": ["描述1", "描述2", "描述3"],
                    "toDrop": ["Coins", "ttrdp1", "ttrdp2"],
                    "money": 1,
                    "exitDescArr": ["我要走了", "我要走了", "我真的要走了"],
                    "battleType": "normal"
                }
            }]
        },
        "a5": {
            "title": "魅惑菇",
            "desc": "“不来一盘么？”魅惑菇摇晃着手中的纸牌，你感到自己完全被说服了。",
            "sels": [{
                "desc": "<font color=#000000 size=20>[押大]赌50金币——</font><font color=#294c22 size=20>30%获得250金币</font>",
                "func": ["gambling"],
                "ps": {"wager":50, "rate":30, "award":250, "succeedRedirectGroup":"a51", "failedRedirectGroup":"a52"}
            },{
                "desc": "<font color=#000000 size=20>[押小]赌50金币——</font><font color=#294c22 size=20>70%获得100金币</font>",
                "func": ["gambling"],
                "ps": {"wager":50, "rate":70, "award":100, "succeedRedirectGroup":"a51", "failedRedirectGroup":"a52"}
            },{
                "desc": "<font color=#000000 size=20>[离开]</font>",
                "func": ["exit", "redirectSelGroup"],
                "ps": {"group": "a53"}
            }],
            "extraRobSel": {
                "desc": "<font color=#000000 size=20>[打劫]</font><font color=#294c22 size=20>获得250金币</font>",
                "func": ["+money", "redirectSelGroup"],
                "ps": {"money": 250, "group": "a54"}
            },
            "bg":"CharmingMushroom"
        },
        "a51": {
            "title": "魅惑菇",
            "desc": "<font color=#294c22 size=25>你赌赢了。</font>“oh！shit”魅惑菇尖叫起来。“你是出老千了吧，你一定是出了老千了。”",
            "sels": [{
                "desc": "<font color=#000000 size=20>[离开]</font>",
                "func": ["exit"]
            }],
            "bg":"CharmingMushroom"
        },
        "a52": {
            "title": "魅惑菇",
            "desc": "<font color=#7d0403 size=25>你输了。</font>“承蒙惠顾。”魅惑菇的声音有些刺耳。你晃了晃还在晕的头，离开了这个伤心地。",
            "sels": [{
                "desc": "<font color=#000000 size=20>[离开]</font>",
                "func": ["exit"]
            }],
            "bg":"CharmingMushroom"
        },
        "a53": {
            "title": "魅惑菇",
            "desc": "你在魅惑菇的讥笑中毫不犹豫的离开了。",
            "sels": [{
                "desc": "<font color=#000000 size=20>[离开]</font>",
                "func": ["exit"]
            }],
            "bg":"CharmingMushroom"
        },
        "a54": {
            "title": "魅惑菇",
            "desc": "小孩子才做选择题，<font color=#294c22 size=25>我全都要！</font>",
            "sels": [{
                "desc": "<font color=#000000 size=20>[离开]</font>",
                "func": ["exit"]
            }],
            "bg":"CharmingMushroom"
        },
        "a6": {
            "title": "恶作剧",
            "desc": "“不给糖果就捣蛋！”死神用沙哑的声音缓缓说道，你觉得它好像是认真的。",
            "sels": [{
                "desc": "<font color=#000000 size=20>[无视]</font><font color=#294c22 size=20>获得{money}金币，</font><font color=#7d0403 size=20>失去{hp}生命</font>",
                "func": ["+money", "-hp", "redirectSelGroup"],
                "ps": {"money": 50, "hp": 5, "group": "a61"}
            },{
                "desc": "<font color=#000000 size=20>[收买]</font><font color=#7d0403 size=20>失去{money}金币，</font><font color=#294c22 size=20>获得敌意消退</font>",
                "func": ["-money", "+item", "redirectSelGroup"],
                "ps": {"money": 50, "item": "TimeMachine", "group":"a62"}
            }],
            "extraRobSel": {
                "desc": "<font color=#000000 size=20>[打劫]</font><font color=#7d0403 size=20>你不知道会发生什么……</font>",
                "func": ["-hp", "redirectSelGroup"],
                "ps": {"hp": 5, "group":"a63"}
            },
            "bg":"DeathGod"
        },
        "a61": {
            "title": "恶作剧",
            "desc": "死神将你</font><font color=#7d0403 size=25>砍翻</font>在地，然后离开了。让你稍以安慰的是，它离开时掉出了一些</font><font color=#294c22 size=25>金币</font>",
            "sels": [{
                "desc": "<font color=#000000 size=20>[离开]</font>",
                "func": ["exit"]
            }],
            "bg":"DeathGod"
        },
        "a62": {
            "title": "恶作剧",
            "desc": "死神悄然离去了，你虽然少了点</font><font color=#7d0403 size=25>钱，</font>但也发现了</font><font color=#294c22 size=25>驱逐</font>它的方法。",
            "sels": [{
                "desc": "<font color=#000000 size=20>[离开]</font>",
                "func": ["exit"]
            }],
            "bg":"DeathGod"
        },
        "a63": {
            "title": "恶作剧",
            "desc": "你被死神毫无怜悯的砍倒在地，你爬起来仓皇逃窜，庆幸着自己只是受了点</font><font color=#7d0403 size=25>轻伤</font>。",
            "sels": [{
                "desc": "<font color=#000000 size=20>[离开]</font>",
                "func": ["exit"]
            }],
            "bg":"DeathGod"
        },
        "a7": {
            "title": "复活节彩蛋",
            "desc": "你发现地上有个彩蛋，上面写着[里面没有任何奖励]，你开始觉得手痒痒了。",
            "sels": [{
                "desc": "<font color=#000000 size=20>[打开]进入特殊</font><font color=#7d0403 size=20>战斗</font><font color=#000000 size=20>——</font><font color=#294c22 size=20>彩蛋</font><font color=#000000 size=20>关</font>",
                "func": ["redirectSelGroup"],
                "ps": {"group": "a71"}
            },{
                "desc": "<font color=#000000 size=20>[离开]</font>",
                "func":["exit", "redirectSelGroup"],
                "ps": {"group": "a72"}
            }],
            "bg":"RandomEgg"
        },
        "a71": {
            "title": "复活节彩蛋",
            "desc": "当你尝试接近彩蛋的时候，突然出现了敌人。",
            "sels": [{
                "desc": "<font color=#000000 size=20>[战斗]</font>",
                "func": ["battle"],
                "ps": {"battleType": "randomEgg"}
            }],
            "bg":"RandomEgg"
        },
        "a72": {
            "title": "复活节彩蛋",
            "desc": "既然没有奖励，那就不要打开了。",
            "sels": [{
                "desc": "<font color=#000000 size=20>[离开]</font>",
                "func": ["exit"]
            }],
            "bg":"RandomEgg"
        },
        "a8": {
            "title": "太阳花",
            "desc": "“HEY！Come On”太阳花热情的邀请你给予它的新曲一些宝贵的意见。",
            "sels": [{
                "desc": "<font color=#000000 size=20>[称赞]</font></font><font color=#294c22 size=20>最大生命值+{maxHp}</font>",
                "func": ["+maxHp", "redirectSelGroup"],
                "ps": {"maxHp": 10, "group": "a81"}
            },{
                "desc": "<font color=#000000 size=20>[贬低]</font></font><font color=#294c22 size=20>闪避+{dodge}%</font>",
                "func": ["redirectSelGroup", "+dodge"],
                "ps": {"group": "a82", "dodge": 5}
            }],
            "extraRobSel": {
                "desc": "<font color=#000000 size=20>[打劫]</font><font color=#000000 size=20>你什么都不会获得</font>",
                "func": ["redirectSelGroup"],
                "ps": {"group":"a83"}
            },
            "globalCountMax":6,
            "bg":"Sunflower"
        },
        "a81": {
            "title": "太阳花",
            "desc": "沐浴在音乐的温暖之中，你感到自己的</font><font color=#294c22 size=25>生命获得了升华</font>。",
            "sels": [{
                "desc": "<font color=#000000 size=20>[离开]</font>",
                "func": ["exit"]
            }],
            "bg":"Sunflower"
        },
        "a82": {
            "title": "太阳花",
            "desc": "太阳花怒视着你，你开始瑟瑟发抖，并想找个地方藏起来</font><font color=#294c22 size=25>躲避</font>它的视线。",
            "sels": [{
                "desc": "<font color=#000000 size=20>[离开]</font>",
                "func": ["exit"]
            }],
            "bg":"Sunflower"
        },
        "a83": {
            "title": "太阳花",
            "desc": "你把太阳花踹倒在地，开始动手翻找，可惜什么都没找到。",
            "sels": [{
                "desc": "<font color=#000000 size=20>[离开]</font>",
                "func": ["exit"]
            }],
            "bg":"Sunflower"
        },
        "a9": {
            "title": "冒险者的尸体",
            "desc": "你发现了一具冒险者的尸体！这个可怜虫浑身都被撕烂了，但他身上说不定藏着什么<font color=#294c22 size=25>好东西</font>。",
            "sels": [{
                "func": ["searchOnCorpse"],
                "desc": "<font color=#000000 size=20>[搜索]</font></font><font color=#294c22 size=20>75%获得奖励，</font></font><font color=#7d0403 size=20>25%进入战斗</font>",
                "ps": {
                    "rateArr": [75, 50, 25],
                    "titleArr": ["冒险者的尸体", "冒险者的尸体", "冒险者的尸体"],
                    "upDescArr": ["你找到了</font><font color=#294c22 size=25>{lastDropped}，</font>还想继续找么？", "你找到了</font><font color=#294c22 size=25>{lastDropped}，</font>还想继续找么？", "你找到了</font><font color=#294c22 size=25>{lastDropped}</font>，现在冒险者身上已经没有东西了，你满意的离开了。"],
                    "descArr": ["<font color=#000000 size=20>[继续翻找]</font></font><font color=#294c22 size=20>50%获得奖励，</font></font><font color=#7d0403 size=20>50%进入战斗</font>", "<font color=#000000 size=20>[搜索]</font></font><font color=#294c22 size=20>25%获得奖励，</font></font><font color=#7d0403 size=20>75%进入战斗</font>", "你并不想步冒险者的后尘，于是果断离开了。"],
                    "toDrop": ["Coins", "worldmapeventa91", "worldmapeventa92"],
                    "money": 50,
                    "exitDescArr": ["<font color=#000000 size=20>[离开]</font>", "<font color=#000000 size=20>[离开]</font>", "<font color=#000000 size=20>[离开]</font>"],
                    "failedBattleType": "searchBody",
                    "failedUpDesc": "搜索的时候你被偷袭了！",
                    "failedDesc": "<font color=#000000 size=20>[战斗]</font>",
                    "bg":"HeadBone"
                }
            },{
                "desc": "<font color=#000000 size=20>[离开]</font>",
                "func": ["exit", "redirectSelGroup"],
                "ps": {"group": "a91"}
            }],
            "bg":"HeadBone"
        },
        "a91": {
            "title": "冒险者的尸体",
            "desc": "你并不想步冒险者的后尘，于是果断离开了。",
            "sels": [{
                "desc": "<font color=#000000 size=20>[离开]</font>",
                "func": ["exit"]
            }],
            "bg":"HeadBone"
        },
        "a92": {
            "title": "冒险者的尸体",
            "desc": "搜索的时候你被偷袭了！",
            "sels": [{
                "desc": "<font color=#000000 size=20>[战斗]</font>",
                "func": ["battle"],
                "ps": {"battleType" : "searchBody"}
            }],
            "bg":"HeadBone"
        },
        "b1": {
            "title": "幸运大转盘",
            "desc": "你见到一位地精",
            "sels": [{
                "desc": "<font color=#000000 size=20>[开始游戏]</font>",
                "func": ["toTurnTable"]
            }]
        },
        "b2": {
            "title": "智能机械管家",
            "desc": "“货真价实，童叟无欺”，但不知为何，你从它那机械化的声音中听出了一丝狡诈。",
            "sels": [{
                "desc": "<font color=#000000 size=20>[购买技能]</font></font><font color=#000000 size=20>花费{money}金币，</font><font color=#294c22 size=20>获得一个随机技能</font>",
                "func": ["-money", "+randomItems", "redirectSelGroup"],
                "ps": {
                    "money": 50,
                    "randomNum": 1,
                    "items": {"WeaponMaster": 10, "DefenseProficient": 10, "BookMaster": 10, "TreasureBoxDetector": 10, "KnifeMaster": 10, "MonsterHunter": 10, "ExploreEnhanced": 10, "HorticultureProficient": 10, "SmellEnhanced": 10, "Storer": 10, "ShieldProficient": 10, "StrikeFirst": 10 },
                    "group": "b21"
                 }                
            },{
                "desc": "<font color=#000000 size=20>[购买道具]</font></font><font color=#000000 size=20>花费{money}金币，</font><font color=#294c22 size=20>获得两个随机道具</font>",
                "func": ["-money", "+randomItems", "redirectSelGroup"],
                "ps": {
                    "money": 50,
                    "randomNum": 2,
                    "items": {"IceGun":10, "RayGun":10, "HpPotion":10, "Bazooka":10, "SuperPotion":10, "StrengthPotion":10, "CandyCannon":10},
                    "group": "b22"
                    }
            },{
                "desc": "<font color=#000000 size=20>[离开]</font>",
                "func": ["exit", "redirectSelGroup"],
                "ps": {"group": "b23"}
            }],
             "extraRobSel": {
                "desc": "<font color=#000000 size=20>[打劫]</font><font color=#294c22 size=20>获得一件道具或技能</font>",
                "func": ["rob", "redirectSelGroup"],
                "ps": {"rob":"inEvent", "group": "b24"}
            },
            "bg":"ShopNpc"
        },
        "b21": {
            "title": "智能机械管家",
            "desc": "“欢迎下次再来”它的声音里分明又多了一丝得意。",
            "sels": [{
                "desc": "<font color=#000000 size=20>[离开]</font>",
                "func": ["exit"]
            }],
            "bg":"ShopNpc"
        },
        "b22": {
            "title": "智能机械管家",
            "desc": "“欢迎下次再来”它的声音里分明又多了一丝得意。",
            "sels": [{
                "desc": "<font color=#000000 size=20>[离开]</font>",
                "func": ["exit"]
            }],
            "bg":"ShopNpc"
        },
        "b23": {
            "title": "智能机械管家",
            "desc": "“你这个该死的穷鬼！”智能机械管家卸下伪装，暴跳如雷。",
            "sels": [{
                "desc": "<font color=#000000 size=20>[离开]</font>",
                "func": ["exit"]
            }],
            "bg":"ShopNpc"
        },
        "b24": {
            "title": "智能机械管家",
            "desc": "你把智能机械管家粗鲁的推倒在地，抢走了它的<font color=#294c22 size=20>货物</font>。",
            "sels": [{
                "desc": "<font color=#000000 size=20>[离开]</font>",
                "func": ["exit"]
            }],
            "bg":"ShopNpc"
        },
        "b3": {
            "title": "魅魔之吻",
            "desc": "魅魔向你抛来一个飞吻，你立刻变得神魂颠倒起来。",
            "sels": [{
                "desc": "<font color=#000000 size=20>[和谐]</font></font><font color=#7d0403 size=20>失去所有金币，</font><font color=#294c22 size=20>最大生命值+10</font>",
                "func": ["-allMoney", "+maxHp", "+hpPrecentage" , "redirectSelGroup"],
                "ps": {
                    "maxHp": 10,"hpPrecentage": 100,"group": "b31"
                 }                
            },{
                "desc": "<font color=#000000 size=20>[离开]</font>",
                "func": ["exit", "redirectSelGroup"],
                "ps": {"group": "b32"}
            }],
             "extraRobSel": {
                "desc": "<font color=#000000 size=20>[打劫]</font><font color=#294c22 size=20>回复所有生命，获得50金币</font>",
                "func": ["+hpPrecentage", "+money", "redirectSelGroup"],
                "ps": {"hpPrecentage": 100, "money": 50, "group": "b33"}
            },
            "bg":"LustZombie"
        },
        "b31": {
            "title": "魅魔之吻",
            "desc": "早晨醒来，你感觉自己的<font color=#294c22 size=25>状态从未这么好过</font>，然后你发现自己的</font><font color=#7d0403 size=25>钱包遗失</font>了。",
            "sels": [{
                "desc": "<font color=#000000 size=20>[离开]</font>",
                "func": ["exit"]
            }],
            "bg":"LustZombie"
        },
        "b32": {
            "title": "魅魔之吻",
            "desc": "“你拼命抵抗着魅魔的诱惑，逃离了那里。",
            "sels": [{
                "desc": "<font color=#000000 size=20>[离开]</font>",
                "func": ["exit"]
            }],
            "bg":"LustZombie"
        },
        "b33": {
            "title": "魅魔之吻",
            "desc": "你丝毫不知道什么叫怜香惜玉，<font color=#294c22 size=25>劫了钱</font>还顺便<font color=#294c22 size=25>劫了个色</font>。",
            "sels": [{
                "desc": "<font color=#000000 size=20>[离开]</font>",
                "func": ["exit"]
            }],
            "bg":"LustZombie"
        },
        "g4": {
            "title": "事件标题",
            "desc": "事件描述文字，说说这个事件是什么意思",
            "sels":[{
                "func": ["gambling"],
                "ps": {"wager":50, "rate":75, "award":100, "succeedRedirectGroup":"g4", "failedRedirectGroup":"gg"}
            }, {
                "func": ["gambling"],
                "ps": {"wager":50, "rate":25, "award":250, "succeedRedirectGroup":"g4", "failedRedirectGroup":"gg"}
            }, {
                "func": ["sequence"],
                "ps": {
                    "desc": "{rate}% 获得 {hp} hp 并损失 {money} 金币，{-rate}% 触发战斗",                    
                    "func": ["+hp", "-money"],
                    "rates": [99, 98, 97],
                    "ps": [{"hp":1, "money":10, "battleType":"normal"},
                           {"hp":2, "money":20, "battleType":"normal"},
                           {"hp":3, "money":30, "battleType":"normal"}],
                    "failedFunc": ["battle"]
                }
            }, {
                "func": ["+randomItems", "redirectSelGroup"],
                "ps": {
                    "randomNum": 2,
                    "items": {"RayGun":100, "IceGun":1},
                    "group":"gg"
                }
            }, {
                "func": ["sequence"],
                "ps": {
                    "desc": "{rate}% 获得一个随机物品并损失 {hp} hp",
                    "func": ["-hp"],
                    "rates": [100, 0, 25],
                    "items": {"HpPotion":100, "MedicineBox":50, "IceGun":1},
                    "randomNum": 1,
                    "ps": [{"hp":30}, {"hp":40}, {"hp":50}],
                    "failedFunc": ["+randomItems", "-hp", "exit"]
                }
            }, {
                "func": ["exit"]
            }]
        },
        "gg": {
            "title": "这是一个二级选项列表",
            "desc": "这是一个二级选项列表",
            "sels":[{
                "func": ["-hp"],
                "ps": {"hp":1}
            }, {
                "func": ["-allMoney"]
            }, {
                "func": ["exit"]
            }]
        }
    }
}
