{
    "rookieWorld":{
        "name":"rookieWorld",
        "worldNum":0,
        "totalLevels":15,
        "width":5,
        "routesMax":4,
        "specs": {
            "shop":{"percent":6},
            "camp":{"percent":14},
            "senior":{"percent":9},
            "event":{"percent":25}
        },
        "fixedRow": {
            "14":"camp",
            "8":"box",
            "5":"normal",
            "4":"camp",
            "3":"normal",
            "2":"event"
        },
        "boxroomDrops":{
            "relic":"boxRoomRelic",
            "prop":"boxRoomProp",
            "coins":30
        },
        "events":{
            "shop":10,
            "eliteBattle":10,
            "box":10,
            "a1": 10,
            "a2": 10,
            "a3": 10,
            "a4": 10,
            "a7": 10,
            "a8": 10,
            "a9": 10,
            "b1": 10
        },
        "shop": "world1shop",
        "turntable": [
            {"type":"+hp", "attrs":15, "weight":10},
            {"type":"-hp", "attrs":-15, "weight":10},
            {"type":"box", "attrs":"ttrdp1", "weight":10},
            {"type":"coins", "attrs":50, "weight":10},
            {"type":"item", "attrs":"ttrdp2", "weight":10},
            {"type":"item", "attrs":"ttrdp2", "weight":10}
        ],
        "bossTypes" : ["slimeKing", "brainOfCthulhu"],
        "nextWorld":"world2"
    },

    "world1":{
        "name":"world1",
        "worldNum":1,
        "totalLevels":15,
        "width":5,
        "routesMax":4,
        "specs": {
            "shop":{"percent":6},
            "camp":{"percent":14},
            "senior":{"percent":9},
            "event":{"percent":25}
        },
        "fixedRow": {
            "14":"camp",
            "8":"box"
        },
        "boxroomDrops":{
            "relic":"boxRoomRelic",
            "prop":"boxRoomProp",
            "coins":30
        },
        "events":{
            "shop":10,
            "eliteBattle":10,
            "box":10,
            "a1": 10,
            "a2": 10,
            "a3": 10,
            "a4": 10,
            "a7": 10,
            "a8": 10,
            "a9": 10,
            "b1": 10,
            "b3": 10
        },
        "shop": "world1shop",
        "turntable": [
            {"type":"+hp", "attrs":15, "weight":10},
            {"type":"-hp", "attrs":-15, "weight":10},
            {"type":"box", "attrs":"ttrdp1", "weight":10},
            {"type":"coins", "attrs":50, "weight":10},
            {"type":"item", "attrs":"ttrdp2", "weight":10},
            {"type":"item", "attrs":"ttrdp2", "weight":10}
        ],
        "bossTypes" : ["slimeKing", "brainOfCthulhu"],
        "nextWorld":"world2"
    },
    
    "world2":{
        "name":"world2",
        "worldNum":2,
        "totalLevels":15,
        "width":5,
        "routesMax":4,
        "specs": {
            "shop":{"percent":6},
            "camp":{"percent":14},
            "senior":{"percent":9},
            "event":{"percent":25}
        },
        "fixedRow": {
            "14":"camp",
            "8":"box"
        },
        "boxroomDrops":{
            "relic":"boxRoomRelic",
            "prop":"boxRoomProp",
            "coins":40
        },
        "events":{
            "shop":10,
            "eliteBattle":10,
            "box":10,
            "a1": 10,
            "a2": 10,
            "a3": 10,
            "a4": 10,
            "a5": 10,
            "a7": 10,
            "a8": 10,
            "a9": 10,
            "b1": 10,
            "b2": 10,
            "b3": 10
        },
        "shop": "world1shop",
        "turntable": [
            {"type":"+hp", "attrs":15, "weight":10},
            {"type":"-hp", "attrs":-15, "weight":10},
            {"type":"box", "attrs":"ttrdp1", "weight":10},
            {"type":"coins", "attrs":75, "weight":10},
            {"type":"item", "attrs":"ttrdp2", "weight":10},
            {"type":"item", "attrs":"ttrdp2", "weight":10}
        ],
        "bossTypes" : ["slimeKing", "brainOfCthulhu"],
        "nextWorld":"world3"
    },

    "world3":{
        "name":"world3",
        "worldNum":3,
        "totalLevels":15,
        "width":5,
        "routesMax":4,
        "specs": {
            "shop":{"percent":6},
            "camp":{"percent":14},
            "senior":{"percent":9},
            "event":{"percent":25}
        },
        "fixedRow": {
            "14":"camp",
            "8":"box"
        },
        "boxroomDrops":{
            "relic":"boxRoomRelic",
            "prop":"boxRoomProp",
            "coins":50
        },
        "events":{
            "shop":10,
            "eliteBattle":10,
            "box":10,
            "a1": 10,
            "a2": 10,
            "a3": 10,
            "a4": 10,
            "a5": 10,
            "a7": 10,
            "a8": 10,
            "a9": 10,
            "b1": 10,
            "b2": 10,
            "b3": 10
        },
        "shop": "world1shop",
        "turntable": [
            {"type":"+hp", "attrs":15, "weight":10},
            {"type":"-hp", "attrs":-15, "weight":10},
            {"type":"box", "attrs":"ttrdp1", "weight":10},
            {"type":"coins", "attrs":100, "weight":10},
            {"type":"item", "attrs":"ttrdp2", "weight":10},
            {"type":"item", "attrs":"ttrdp2", "weight":10}
        ],
        "bossTypes" : ["kraken", "halloweenTreant"],
        "nextWorld":"world4"
    },

    "world4":{
        "name":"world4",
        "worldNum":4,
        "totalLevels":15,
        "width":5,
        "routesMax":4,
        "specs": {
            "shop":{"percent":6},
            "camp":{"percent":14},
            "senior":{"percent":9},
            "event":{"percent":25}
        },
        "fixedRow": {
            "14":"camp",
            "8":"box"
        },
        "boxroomDrops":{
            "relic":"boxRoomRelic",
            "prop":"boxRoomProp",
            "coins":60
        },
        "events":{
            "shop":10,
            "eliteBattle":10,
            "box":10,
            "a1": 10,
            "a2": 10,
            "a3": 10,
            "a4": 10,
            "a5": 10,
            "a7": 10,
            "a8": 10,
            "a9": 10,
            "b1": 10,
            "b2": 10,
            "b3": 10
        },
        "shop": "world1shop",
        "turntable": [
            {"type":"+hp", "attrs":15, "weight":10},
            {"type":"-hp", "attrs":-15, "weight":10},
            {"type":"box", "attrs":"ttrdp1", "weight":10},
            {"type":"coins", "attrs":125, "weight":10},
            {"type":"item", "attrs":"ttrdp2", "weight":10},
            {"type":"item", "attrs":"ttrdp2", "weight":10}
        ],
        "bossTypes" : ["kraken", "halloweenTreant"]
    },

    "world5":{
        "name":"world5",
        "worldNum":4,
        "totalLevels":15,
        "width":5,
        "routesMax":4,
        "specs": {
            "shop":{"percent":6},
            "camp":{"percent":14},
            "senior":{"percent":9},
            "event":{"percent":25}
        },
        "fixedRow": {
            "14":"camp",
            "8":"box"
        },
        "boxroomDrops":{
            "relic":"boxRoomRelic",
            "prop":"boxRoomProp",
            "coins":70
        },
        "events":{
            "shop":10,
            "eliteBattle":10,
            "box":10,
            "a1": 10,
            "a2": 10,
            "a3": 10,
            "a4": 10,
            "a5": 10,
            "a7": 10,
            "a8": 10,
            "a9": 10,
            "b1": 10,
            "b2": 10,
            "b3": 10
        },
        "shop": "world1shop",
        "turntable": [
            {"type":"+hp", "attrs":15, "weight":10},
            {"type":"-hp", "attrs":-15, "weight":10},
            {"type":"box", "attrs":"ttrdp1", "weight":10},
            {"type":"coins", "attrs":150, "weight":10},
            {"type":"item", "attrs":"ttrdp2", "weight":10},
            {"type":"item", "attrs":"ttrdp2", "weight":10}
        ]
    },

    "world6":{
        "name":"world6",
        "worldNum":4,
        "totalLevels":15,
        "width":5,
        "routesMax":4,
        "specs": {
            "shop":{"percent":6},
            "camp":{"percent":14},
            "senior":{"percent":9},
            "event":{"percent":25}
        },
        "fixedRow": {
            "14":"camp",
            "8":"box"
        },
        "boxroomDrops":{
            "relic":"boxRoomRelic",
            "prop":"boxRoomProp",
            "coins":80
        },
        "events":{
            "shop":10,
            "eliteBattle":10,
            "box":10,
            "a1": 10,
            "a2": 10,
            "a3": 10,
            "a4": 10,
            "a5": 10,
            "a7": 10,
            "a8": 10,
            "a9": 10,
            "b1": 10,
            "b2": 10,
            "b3": 10
        },
        "shop": "world1shop",
        "turntable": [
            {"type":"+hp", "attrs":15, "weight":10},
            {"type":"-hp", "attrs":-15, "weight":10},
            {"type":"box", "attrs":"ttrdp1", "weight":10},
            {"type":"coins", "attrs":125, "weight":10},
            {"type":"item", "attrs":"ttrdp2", "weight":10},
            {"type":"item", "attrs":"ttrdp2", "weight":10}
        ]
    }
}
